Protocollo;Gruppo;DataOraIncidente;Localizzazione1;STRADA1;Localizzazione2;STRADA2;Strada02;Chilometrica;DaSpecificare;NaturaIncidente;particolaritastrade;TipoStrada;FondoStradale;Pavimentazione;Segnaletica;CondizioneAtmosferica;Traffico;Visibilita;Illuminazione;NUM_FERITI;NUM_RISERVATA;NUM_MORTI;NUM_ILLESI;Longitudine;Latitudine;Confermato;Progressivo;TipoVeicolo;StatoVeicolo;TipoPersona;Sesso;Tipolesione;Deceduto;DecedutoDopo;CinturaCascoUtilizzato;Airbag
2221299;15;06/12/2014 04:40;Strada Urbana;VIA DELLA MAGLIANA;in prossimità;;del civico n.;190/B;;Tamponamento;Rettilineo;Una carreggiata a doppio senso;Bagnato (umidità in atto);Asfaltata;Verticale ed orizzontale;Nuvoloso;Scarso;Buona;Sufficiente;2;0;0;1;12.45909;41.85052;-1;2;Autovettura privata;In marcia / fermata / arresto;Conducente;M;Illeso;0;;;
2221303;15;06/12/2014 10:25;Strada Urbana;VIA PORTUENSE;in corrispondenza;;del civico n.;556/C;;Infortunio per sola frenata improvvisa;Rettilineo;Una carreggiata a doppio senso;Bagnato (umidità in atto);Asfaltata;Verticale ed orizzontale;Nuvoloso;Normale;Buona;Ore Diurne;2;0;0;0;12.4467;41.85725;-1;1;Autovettura privata;In marcia / fermata / arresto;Conducente;F;Rifiuta cure immediate;0;NON DECEDUTO;Utilizzato;
2221303;15;06/12/2014 10:25;Strada Urbana;VIA PORTUENSE;in corrispondenza;;del civico n.;556/C;;Infortunio per sola frenata improvvisa;Rettilineo;Una carreggiata a doppio senso;Bagnato (umidità in atto);Asfaltata;Verticale ed orizzontale;Nuvoloso;Normale;Buona;Ore Diurne;2;0;0;0;12.4467;41.85725;-1;2;Motociclo a solo;In marcia / fermata / arresto;Conducente;M;Rimandato;0;NON DECEDUTO;Utilizzato;
2221306;13;06/12/2014 18:40;Provinciale;VIA LITORANEA;all'intersezione con;VIA ARNO;VIA ARNO;;;Tamponamento Multiplo;Incrocio;Una carreggiata a doppio senso;Asciutto;Asfaltata;Verticale ed orizzontale;Vento forte;Normale;Buona;Sufficiente;1;0;0;4;12.41697;41.65646;-1;1;Autovettura privata;In marcia / fermata / arresto;Conducente;M;Illeso;0;;Non accertato;Inesploso
2221306;13;06/12/2014 18:40;Provinciale;VIA LITORANEA;all'intersezione con;VIA ARNO;VIA ARNO;;;Tamponamento Multiplo;Incrocio;Una carreggiata a doppio senso;Asciutto;Asfaltata;Verticale ed orizzontale;Vento forte;Normale;Buona;Sufficiente;1;0;0;4;12.41697;41.65646;-1;1;Autovettura privata;In marcia / fermata / arresto;Passeggero;F;Illeso;0;;Non accertato;Inesploso
2221306;13;06/12/2014 18:40;Provinciale;VIA LITORANEA;all'intersezione con;VIA ARNO;VIA ARNO;;;Tamponamento Multiplo;Incrocio;Una carreggiata a doppio senso;Asciutto;Asfaltata;Verticale ed orizzontale;Vento forte;Normale;Buona;Sufficiente;1;0;0;4;12.41697;41.65646;-1;1;Autovettura privata;In marcia / fermata / arresto;Passeggero;M;Illeso;0;;Non accertato;Inesploso
2221306;13;06/12/2014 18:40;Provinciale;VIA LITORANEA;all'intersezione con;VIA ARNO;VIA ARNO;;;Tamponamento Multiplo;Incrocio;Una carreggiata a doppio senso;Asciutto;Asfaltata;Verticale ed orizzontale;Vento forte;Normale;Buona;Sufficiente;1;0;0;4;12.41697;41.65646;-1;2;Autovettura privata;In marcia / fermata / arresto;Conducente;M;Illeso;0;;Non accertato;Inesploso
2221306;13;06/12/2014 18:40;Provinciale;VIA LITORANEA;all'intersezione con;VIA ARNO;VIA ARNO;;;Tamponamento Multiplo;Incrocio;Una carreggiata a doppio senso;Asciutto;Asfaltata;Verticale ed orizzontale;Vento forte;Normale;Buona;Sufficiente;1;0;0;4;12.41697;41.65646;-1;3;Autocarro inferiore 35 q.;In marcia / fermata / arresto;Conducente;M;Rimandato;0;NON DECEDUTO;Non accertato;Inesploso
2221319;1;07/12/2014 04:10;Strada Urbana;LUNGOTEVERE DEI TEBALDI;in corrispondenza;;del palo luce n.;21;;Veicolo in marcia contro veicolo in sosta;Rettilineo;Una carreggiata a senso unico di marcia;Bagnato (umidità in atto);Asfaltata;Orizzontale;Pioggia in atto;Scarso;Buona;Sufficiente;3;0;0;2;12.47118;41.89281;-1;1;Autovettura privata;In marcia / fermata / arresto;Conducente;M;Rimandato;0;NON DECEDUTO;Non accertato;
2221319;1;07/12/2014 04:10;Strada Urbana;LUNGOTEVERE DEI TEBALDI;in corrispondenza;;del palo luce n.;21;;Veicolo in marcia contro veicolo in sosta;Rettilineo;Una carreggiata a senso unico di marcia;Bagnato (umidità in atto);Asfaltata;Orizzontale;Pioggia in atto;Scarso;Buona;Sufficiente;3;0;0;2;12.47118;41.89281;-1;1;Autovettura privata;In marcia / fermata / arresto;Passeggero;F;Rimandato;0;NON DECEDUTO;Non accertato;Esploso
2221319;1;07/12/2014 04:10;Strada Urbana;LUNGOTEVERE DEI TEBALDI;in corrispondenza;;del palo luce n.;21;;Veicolo in marcia contro veicolo in sosta;Rettilineo;Una carreggiata a senso unico di marcia;Bagnato (umidità in atto);Asfaltata;Orizzontale;Pioggia in atto;Scarso;Buona;Sufficiente;3;0;0;2;12.47118;41.89281;-1;1;Autovettura privata;In marcia / fermata / arresto;Passeggero;M;Rimandato;0;NON DECEDUTO;Non accertato;
2221319;1;07/12/2014 04:10;Strada Urbana;LUNGOTEVERE DEI TEBALDI;in corrispondenza;;del palo luce n.;21;;Veicolo in marcia contro veicolo in sosta;Rettilineo;Una carreggiata a senso unico di marcia;Bagnato (umidità in atto);Asfaltata;Orizzontale;Pioggia in atto;Scarso;Buona;Sufficiente;3;0;0;2;12.47118;41.89281;-1;2;Autovettura privata;In marcia / fermata / arresto;Conducente;M;Illeso;0;;Non accertato;
2221319;1;07/12/2014 04:10;Strada Urbana;LUNGOTEVERE DEI TEBALDI;in corrispondenza;;del palo luce n.;21;;Veicolo in marcia contro veicolo in sosta;Rettilineo;Una carreggiata a senso unico di marcia;Bagnato (umidità in atto);Asfaltata;Orizzontale;Pioggia in atto;Scarso;Buona;Sufficiente;3;0;0;2;12.47118;41.89281;-1;2;Autovettura privata;In marcia / fermata / arresto;Passeggero;M;Illeso;0;;Non accertato;
2221323;13;06/12/2014 20:10;Strada Urbana;VIA DI MALAFEDE;in prossimità;;del palo luce n.;57;;Veicolo in marcia contro ostacolo accidentale;Rettilineo;Una carreggiata a doppio senso;Asciutto;Con buche;Orizzontale;Nuvoloso;Scarso;Buona;Sufficiente;0;0;0;1;12.40037;41.76942;-1;1;Autovettura privata;In marcia / fermata / arresto;Conducente;F;Illeso;0;;Non accertato;Inesploso
2221337;20;06/12/2014 17:10;Strada Urbana;VIA DELLA STAZIONE DI CESANO;all'intersezione con;VIA DI PRATO CORAZZA;VIA DI PRATO CORAZZA;;;Scontro frontale/laterale SX fra veicoli in marcia;Incrocio;Una carreggiata a doppio senso;Bagnato (pioggia);Asfaltata;Verticale ed orizzontale;Pioggia in atto;Normale;Sufficiente;Sufficiente;1;0;0;4;12.34083;42.08016;-1;1;Autovettura privata;In marcia / fermata / arresto;Conducente;M;Illeso;0;;Non accertato;Inesploso
2221337;20;06/12/2014 17:10;Strada Urbana;VIA DELLA STAZIONE DI CESANO;all'intersezione con;VIA DI PRATO CORAZZA;VIA DI PRATO CORAZZA;;;Scontro frontale/laterale SX fra veicoli in marcia;Incrocio;Una carreggiata a doppio senso;Bagnato (pioggia);Asfaltata;Verticale ed orizzontale;Pioggia in atto;Normale;Sufficiente;Sufficiente;1;0;0;4;12.34083;42.08016;-1;2;Autovettura privata;In marcia / fermata / arresto;Conducente;M;Illeso;0;;Non accertato;Inesploso
2221337;20;06/12/2014 17:10;Strada Urbana;VIA DELLA STAZIONE DI CESANO;all'intersezione con;VIA DI PRATO CORAZZA;VIA DI PRATO CORAZZA;;;Scontro frontale/laterale SX fra veicoli in marcia;Incrocio;Una carreggiata a doppio senso;Bagnato (pioggia);Asfaltata;Verticale ed orizzontale;Pioggia in atto;Normale;Sufficiente;Sufficiente;1;0;0;4;12.34083;42.08016;-1;2;Autovettura privata;In marcia / fermata / arresto;Passeggero;M;Rimandato;0;NON DECEDUTO;Non accertato;Inesploso
2221337;20;06/12/2014 17:10;Strada Urbana;VIA DELLA STAZIONE DI CESANO;all'intersezione con;VIA DI PRATO CORAZZA;VIA DI PRATO CORAZZA;;;Scontro frontale/laterale SX fra veicoli in marcia;Incrocio;Una carreggiata a doppio senso;Bagnato (pioggia);Asfaltata;Verticale ed orizzontale;Pioggia in atto;Normale;Sufficiente;Sufficiente;1;0;0;4;12.34083;42.08016;-1;2;Autovettura privata;In marcia / fermata / arresto;Passeggero;F;Illeso;0;;Non accertato;Inesploso
2221337;20;06/12/2014 17:10;Strada Urbana;VIA DELLA STAZIONE DI CESANO;all'intersezione con;VIA DI PRATO CORAZZA;VIA DI PRATO CORAZZA;;;Scontro frontale/laterale SX fra veicoli in marcia;Incrocio;Una carreggiata a doppio senso;Bagnato (pioggia);Asfaltata;Verticale ed orizzontale;Pioggia in atto;Normale;Sufficiente;Sufficiente;1;0;0;4;12.34083;42.08016;-1;2;Autovettura privata;In marcia / fermata / arresto;Passeggero;M;Illeso;0;;Non accertato;Inesploso
2221358;20;07/12/2014 00:45;Regionale entro l'abitato;VIA CASSIA;all'intersezione con;VIA ANTON GIULIO BRAGAGLIA;VIA ANTON GIULIO BRAGAGLIA;;;Scontro frontale/laterale SX fra veicoli in marcia;Intersezione semaforizzata;Una carreggiata a doppio senso;Bagnato (umidità in atto);Asfaltata;Verticale ed orizzontale;Nuvoloso;Scarso;Buona;Sufficiente;4;0;0;2;12.37677;42.02201;-1;1;Autovettura privata;In marcia / fermata / arresto;Conducente;M;Illeso;0;;Non accertato;Inesploso
2221358;20;07/12/2014 00:45;Regionale entro l'abitato;VIA CASSIA;all'intersezione con;VIA ANTON GIULIO BRAGAGLIA;VIA ANTON GIULIO BRAGAGLIA;;;Scontro frontale/laterale SX fra veicoli in marcia;Intersezione semaforizzata;Una carreggiata a doppio senso;Bagnato (umidità in atto);Asfaltata;Verticale ed orizzontale;Nuvoloso;Scarso;Buona;Sufficiente;4;0;0;2;12.37677;42.02201;-1;1;Autovettura privata;In marcia / fermata / arresto;Passeggero;M;Illeso;0;;Non accertato;Inesploso
2221358;20;07/12/2014 00:45;Regionale entro l'abitato;VIA CASSIA;all'intersezione con;VIA ANTON GIULIO BRAGAGLIA;VIA ANTON GIULIO BRAGAGLIA;;;Scontro frontale/laterale SX fra veicoli in marcia;Intersezione semaforizzata;Una carreggiata a doppio senso;Bagnato (umidità in atto);Asfaltata;Verticale ed orizzontale;Nuvoloso;Scarso;Buona;Sufficiente;4;0;0;2;12.37677;42.02201;-1;2;Autovettura privata;In marcia / fermata / arresto;Conducente;F;Rimandato;0;NON DECEDUTO;Non accertato;Inesploso
2221358;20;07/12/2014 00:45;Regionale entro l'abitato;VIA CASSIA;all'intersezione con;VIA ANTON GIULIO BRAGAGLIA;VIA ANTON GIULIO BRAGAGLIA;;;Scontro frontale/laterale SX fra veicoli in marcia;Intersezione semaforizzata;Una carreggiata a doppio senso;Bagnato (umidità in atto);Asfaltata;Verticale ed orizzontale;Nuvoloso;Scarso;Buona;Sufficiente;4;0;0;2;12.37677;42.02201;-1;2;Autovettura privata;In marcia / fermata / arresto;Passeggero;M;Rimandato;0;NON DECEDUTO;Non accertato;Esploso
2221358;20;07/12/2014 00:45;Regionale entro l'abitato;VIA CASSIA;all'intersezione con;VIA ANTON GIULIO BRAGAGLIA;VIA ANTON GIULIO BRAGAGLIA;;;Scontro frontale/laterale SX fra veicoli in marcia;Intersezione semaforizzata;Una carreggiata a doppio senso;Bagnato (umidità in atto);Asfaltata;Verticale ed orizzontale;Nuvoloso;Scarso;Buona;Sufficiente;4;0;0;2;12.37677;42.02201;-1;2;Autovettura privata;In marcia / fermata / arresto;Passeggero;F;Rimandato;0;NON DECEDUTO;Non accertato;Inesistente
2221361;13;06/12/2014 22:00;Strada Urbana;VIA FRANCESCO DONATI;in corrispondenza;;del civico n.;140;;Veicolo in marcia contro ostacolo accidentale;Rettilineo;Una carreggiata a senso unico di marcia;Bagnato (umidità in atto);Asfaltata;Assente;Sereno;Scarso;Buona;Sufficiente;0;0;0;1;12.34019;41.78225;-1;1;Autovettura privata;In marcia / fermata / arresto;Conducente;M;Illeso;0;;Non accertato;Inesploso
2221363;1;07/12/2014 02:30;Strada Urbana;VIA SICILIA;all'intersezione con;VIA PUGLIE;VIA PUGLIE;;;Veicolo in marcia contro veicolo in sosta;Intersezione stradale segnalata;Una carreggiata a senso unico di marcia;Bagnato (pioggia);Asfaltata;Verticale ed orizzontale;Pioggia in atto;Scarso;Sufficiente;Sufficiente;1;0;0;2;12.49538;41.90975;-1;1;Autovettura privata;In marcia / fermata / arresto;Conducente;M;Illeso;0;;Non accertato;
2221363;1;07/12/2014 02:30;Strada Urbana;VIA SICILIA;all'intersezione con;VIA PUGLIE;VIA PUGLIE;;;Veicolo in marcia contro veicolo in sosta;Intersezione stradale segnalata;Una carreggiata a senso unico di marcia;Bagnato (pioggia);Asfaltata;Verticale ed orizzontale;Pioggia in atto;Scarso;Sufficiente;Sufficiente;1;0;0;2;12.49538;41.90975;-1;1;Autovettura privata;In marcia / fermata / arresto;Passeggero;M;Illeso;0;;Non accertato;Inesploso
2221363;1;07/12/2014 02:30;Strada Urbana;VIA SICILIA;all'intersezione con;VIA PUGLIE;VIA PUGLIE;;;Veicolo in marcia contro veicolo in sosta;Intersezione stradale segnalata;Una carreggiata a senso unico di marcia;Bagnato (pioggia);Asfaltata;Verticale ed orizzontale;Pioggia in atto;Scarso;Sufficiente;Sufficiente;1;0;0;2;12.49538;41.90975;-1;2;Ciclomotore;In marcia / fermata / arresto;Conducente;M;Ricoverato;0;NON DECEDUTO;Non accertato;
2221368;13;06/12/2014 22:05;Strada Urbana;VIA FRANCESCO DONATI;in corrispondenza;;del civico n.;140;;Veicolo in marcia contro ostacolo accidentale;Rettilineo;Una carreggiata a senso unico di marcia;Bagnato (umidità in atto);Asfaltata;Assente;Sereno;Scarso;Buona;Sufficiente;0;0;0;4;12.34019;41.78225;-1;1;Autovettura privata;In marcia / fermata / arresto;Passeggero;F;Illeso;0;;Non accertato;Inesploso
2221368;13;06/12/2014 22:05;Strada Urbana;VIA FRANCESCO DONATI;in corrispondenza;;del civico n.;140;;Veicolo in marcia contro ostacolo accidentale;Rettilineo;Una carreggiata a senso unico di marcia;Bagnato (umidità in atto);Asfaltata;Assente;Sereno;Scarso;Buona;Sufficiente;0;0;0;4;12.34019;41.78225;-1;1;Autovettura privata;In marcia / fermata / arresto;Conducente;M;Illeso;0;;Non accertato;Inesploso
2221368;13;06/12/2014 22:05;Strada Urbana;VIA FRANCESCO DONATI;in corrispondenza;;del civico n.;140;;Veicolo in marcia contro ostacolo accidentale;Rettilineo;Una carreggiata a senso unico di marcia;Bagnato (umidità in atto);Asfaltata;Assente;Sereno;Scarso;Buona;Sufficiente;0;0;0;4;12.34019;41.78225;-1;1;Autovettura privata;In marcia / fermata / arresto;Passeggero;F;Illeso;0;;Non accertato;Inesploso
2221368;13;06/12/2014 22:05;Strada Urbana;VIA FRANCESCO DONATI;in corrispondenza;;del civico n.;140;;Veicolo in marcia contro ostacolo accidentale;Rettilineo;Una carreggiata a senso unico di marcia;Bagnato (umidità in atto);Asfaltata;Assente;Sereno;Scarso;Buona;Sufficiente;0;0;0;4;12.34019;41.78225;-1;1;Autovettura privata;In marcia / fermata / arresto;Passeggero;M;Illeso;0;;;
2221383;20;07/12/2014 05:25;Strada Urbana;VIALE DI TOR DI QUINTO;in prossimità;;del civico n.;119;;Ribaltamento senza urto contro ostacolo fisso;Rettilineo;Due carreggiate;Bagnato (pioggia);Asfaltata;Orizzontale;Pioggia in atto;Scarso;Buona;Sufficiente;0;0;0;1;12.48623;41.94679;-1;1;Autovettura privata;In marcia / fermata / arresto;Conducente;F;Illeso;0;;Non accertato;Esploso
2221401;1;06/12/2014 23:15;Strada Urbana;VIA CAPO D'AFRICA;in prossimità;;del civico n.;31;;Veicolo in marcia contro veicolo in sosta;Rettilineo;Una carreggiata a senso unico di marcia;Asciutto;Asfaltata;Verticale ed orizzontale;Nuvoloso;Normale;Buona;Sufficiente;0;0;0;1;12.4962;41.88848;-1;2;Autovettura privata;Allontanatosi;Conducente;F;Illeso;0;;;
2221407;1;06/12/2014 10:30;Strada Urbana;VIA ALFREDO CAPPELLINI;in corrispondenza;;del civico n.;28;;Veicolo in marcia contro veicolo in sosta;Rettilineo;Una carreggiata a senso unico di marcia;Asciutto;Asfaltata;Verticale ed orizzontale;Nuvoloso;Normale;Buona;Ore Diurne;0;0;0;1;12.50451;41.89708;-1;2;Autovettura privata;In marcia / fermata / arresto;Conducente;F;Illeso;0;;Non accertato;
2221412;9;06/12/2014 17:30;Strada Urbana;VIA TOMMASO FORTIFIOCCA;in prossimità;;del civico n.;25;;Veicolo in marcia contro veicolo arresto;Rettilineo;Una carreggiata a doppio senso;Asciutto;Asfaltata;Verticale ed orizzontale;Nuvoloso;Scarso;Sufficiente;Sufficiente;0;0;0;2;12.52101;41.87228;-1;1;Autovettura privata;In marcia / fermata / arresto;Conducente;F;Illeso;0;;;
2221412;9;06/12/2014 17:30;Strada Urbana;VIA TOMMASO FORTIFIOCCA;in prossimità;;del civico n.;25;;Veicolo in marcia contro veicolo arresto;Rettilineo;Una carreggiata a doppio senso;Asciutto;Asfaltata;Verticale ed orizzontale;Nuvoloso;Scarso;Sufficiente;Sufficiente;0;0;0;2;12.52101;41.87228;-1;2;Autovettura privata;In marcia / fermata / arresto;Conducente;M;Illeso;0;;;
2221433;1;05/12/2014 20:30;Strada Urbana;PIAZZA DEI SS. APOSTOLI;da specificare;;;;FRONTE CIVICO 52;Veicolo in marcia contro ostacolo accidentale;Rettilineo;Una carreggiata a senso unico di marcia;Bagnato (umidità in atto);In cubetti di porfido;Verticale ed orizzontale;Nuvoloso;Scarso;Sufficiente;Sufficiente;0;0;0;1;12.48306;41.89767;-1;2;Autovettura privata;In marcia / fermata / arresto;Conducente;M;Illeso;0;;;
2221438;9;07/12/2014 01:20;Strada Urbana;VIALE FURIO CAMILLO;all'intersezione con;VIA MUZIO SCEVOLA;VIA MUZIO SCEVOLA;;;Scontro frontale/laterale DX fra veicoli in marcia;Intersezione stradale segnalata;Due carreggiate;Asciutto;Asfaltata;Verticale ed orizzontale;Nuvoloso;Scarso;Sufficiente;Sufficiente;3;0;0;3;12.52521;41.87611;-1;1;Autovettura privata;In marcia / fermata / arresto;Conducente;M;Illeso;0;;Non accertato;Inesploso
2221438;9;07/12/2014 01:20;Strada Urbana;VIALE FURIO CAMILLO;all'intersezione con;VIA MUZIO SCEVOLA;VIA MUZIO SCEVOLA;;;Scontro frontale/laterale DX fra veicoli in marcia;Intersezione stradale segnalata;Due carreggiate;Asciutto;Asfaltata;Verticale ed orizzontale;Nuvoloso;Scarso;Sufficiente;Sufficiente;3;0;0;3;12.52521;41.87611;-1;1;Autovettura privata;In marcia / fermata / arresto;Passeggero;F;Illeso;0;;Non accertato;Inesistente
2221438;9;07/12/2014 01:20;Strada Urbana;VIALE FURIO CAMILLO;all'intersezione con;VIA MUZIO SCEVOLA;VIA MUZIO SCEVOLA;;;Scontro frontale/laterale DX fra veicoli in marcia;Intersezione stradale segnalata;Due carreggiate;Asciutto;Asfaltata;Verticale ed orizzontale;Nuvoloso;Scarso;Sufficiente;Sufficiente;3;0;0;3;12.52521;41.87611;-1;1;Autovettura privata;In marcia / fermata / arresto;Passeggero;F;Ricoverato;0;NON DECEDUTO;Non accertato;Inesistente
2221438;9;07/12/2014 01:20;Strada Urbana;VIALE FURIO CAMILLO;all'intersezione con;VIA MUZIO SCEVOLA;VIA MUZIO SCEVOLA;;;Scontro frontale/laterale DX fra veicoli in marcia;Intersezione stradale segnalata;Due carreggiate;Asciutto;Asfaltata;Verticale ed orizzontale;Nuvoloso;Scarso;Sufficiente;Sufficiente;3;0;0;3;12.52521;41.87611;-1;1;Autovettura privata;In marcia / fermata / arresto;Passeggero;M;Illeso;0;;Non accertato;Inesistente
2221438;9;07/12/2014 01:20;Strada Urbana;VIALE FURIO CAMILLO;all'intersezione con;VIA MUZIO SCEVOLA;VIA MUZIO SCEVOLA;;;Scontro frontale/laterale DX fra veicoli in marcia;Intersezione stradale segnalata;Due carreggiate;Asciutto;Asfaltata;Verticale ed orizzontale;Nuvoloso;Scarso;Sufficiente;Sufficiente;3;0;0;3;12.52521;41.87611;-1;2;Autovettura privata;In marcia / fermata / arresto;Conducente;M;Rimandato;0;NON DECEDUTO;Non accertato;Esploso
2221443;9;07/12/2014 02:00;Strada Urbana;VIA MUZIO SCEVOLA;all'intersezione con;VIA ENEA;VIA ENEA;;;Scontro frontale/laterale DX fra veicoli in marcia;Incrocio;Una carreggiata a senso unico di marcia;Bagnato (umidità in atto);Asfaltata;Verticale ed orizzontale;Nuvoloso;Scarso;Buona;Sufficiente;0;0;0;8;12.52754;41.87418;-1;1;Autovettura privata;In marcia / fermata / arresto;Conducente;M;Illeso;0;;Non accertato;Inesploso
2221443;9;07/12/2014 02:00;Strada Urbana;VIA MUZIO SCEVOLA;all'intersezione con;VIA ENEA;VIA ENEA;;;Scontro frontale/laterale DX fra veicoli in marcia;Incrocio;Una carreggiata a senso unico di marcia;Bagnato (umidità in atto);Asfaltata;Verticale ed orizzontale;Nuvoloso;Scarso;Buona;Sufficiente;0;0;0;8;12.52754;41.87418;-1;1;Autovettura privata;In marcia / fermata / arresto;Passeggero;M;Illeso;0;;Non accertato;Inesploso
2221443;9;07/12/2014 02:00;Strada Urbana;VIA MUZIO SCEVOLA;all'intersezione con;VIA ENEA;VIA ENEA;;;Scontro frontale/laterale DX fra veicoli in marcia;Incrocio;Una carreggiata a senso unico di marcia;Bagnato (umidità in atto);Asfaltata;Verticale ed orizzontale;Nuvoloso;Scarso;Buona;Sufficiente;0;0;0;8;12.52754;41.87418;-1;1;Autovettura privata;In marcia / fermata / arresto;Passeggero;F;Illeso;0;;Non accertato;Inesploso
2221443;9;07/12/2014 02:00;Strada Urbana;VIA MUZIO SCEVOLA;all'intersezione con;VIA ENEA;VIA ENEA;;;Scontro frontale/laterale DX fra veicoli in marcia;Incrocio;Una carreggiata a senso unico di marcia;Bagnato (umidità in atto);Asfaltata;Verticale ed orizzontale;Nuvoloso;Scarso;Buona;Sufficiente;0;0;0;8;12.52754;41.87418;-1;1;Autovettura privata;In marcia / fermata / arresto;Passeggero;M;Illeso;0;;Non accertato;Inesploso
2221443;9;07/12/2014 02:00;Strada Urbana;VIA MUZIO SCEVOLA;all'intersezione con;VIA ENEA;VIA ENEA;;;Scontro frontale/laterale DX fra veicoli in marcia;Incrocio;Una carreggiata a senso unico di marcia;Bagnato (umidità in atto);Asfaltata;Verticale ed orizzontale;Nuvoloso;Scarso;Buona;Sufficiente;0;0;0;8;12.52754;41.87418;-1;2;Autovettura privata;In marcia / fermata / arresto;Conducente;M;Illeso;0;;Non accertato;Inesploso
2221443;9;07/12/2014 02:00;Strada Urbana;VIA MUZIO SCEVOLA;all'intersezione con;VIA ENEA;VIA ENEA;;;Scontro frontale/laterale DX fra veicoli in marcia;Incrocio;Una carreggiata a senso unico di marcia;Bagnato (umidità in atto);Asfaltata;Verticale ed orizzontale;Nuvoloso;Scarso;Buona;Sufficiente;0;0;0;8;12.52754;41.87418;-1;2;Autovettura privata;In marcia / fermata / arresto;Passeggero;F;Illeso;0;;Non accertato;Inesploso
2221443;9;07/12/2014 02:00;Strada Urbana;VIA MUZIO SCEVOLA;all'intersezione con;VIA ENEA;VIA ENEA;;;Scontro frontale/laterale DX fra veicoli in marcia;Incrocio;Una carreggiata a senso unico di marcia;Bagnato (umidità in atto);Asfaltata;Verticale ed orizzontale;Nuvoloso;Scarso;Buona;Sufficiente;0;0;0;8;12.52754;41.87418;-1;2;Autovettura privata;In marcia / fermata / arresto;Passeggero;F;Illeso;0;;Non accertato;Inesploso
2221475;13;07/12/2014 10:20;Provinciale entro l'abitato;VIA LITORANEA;da specificare;;;;prossimità via Ferrandi;Veicolo in marcia contro ostacolo accidentale;Rettilineo;Due carreggiate;Asciutto;Asfaltata;Verticale ed orizzontale;Sereno;Normale;Buona;Ore Diurne;0;0;0;1;12.37354;41.68762;-1;1;Autovettura privata;In marcia / fermata / arresto;Conducente;M;Illeso;0;;Non accertato;Inesploso
2221482;9;06/12/2014 17:30;Strada Urbana;PIAZZA CAMILLO FINOCCHIARO APRILE;all'intersezione con;VIA FRANCESCO VALESIO;VIA FRANCESCO VALESIO;;;Scontro frontale/laterale DX fra veicoli in marcia;Incrocio;Una carreggiata a senso unico di marcia;Bagnato (pioggia);Asfaltata;Verticale ed orizzontale;Pioggia in atto;Normale;Sufficiente;Sufficiente;0;0;0;3;12.51983;41.87637;-1;1;Autovettura privata;In marcia / fermata / arresto;Conducente;F;Illeso;0;;Utilizzato;
2221482;9;06/12/2014 17:30;Strada Urbana;PIAZZA CAMILLO FINOCCHIARO APRILE;all'intersezione con;VIA FRANCESCO VALESIO;VIA FRANCESCO VALESIO;;;Scontro frontale/laterale DX fra veicoli in marcia;Incrocio;Una carreggiata a senso unico di marcia;Bagnato (pioggia);Asfaltata;Verticale ed orizzontale;Pioggia in atto;Normale;Sufficiente;Sufficiente;0;0;0;3;12.51983;41.87637;-1;2;Autovettura privata;In marcia / fermata / arresto;Conducente;M;Illeso;0;;Utilizzato;
2221482;9;06/12/2014 17:30;Strada Urbana;PIAZZA CAMILLO FINOCCHIARO APRILE;all'intersezione con;VIA FRANCESCO VALESIO;VIA FRANCESCO VALESIO;;;Scontro frontale/laterale DX fra veicoli in marcia;Incrocio;Una carreggiata a senso unico di marcia;Bagnato (pioggia);Asfaltata;Verticale ed orizzontale;Pioggia in atto;Normale;Sufficiente;Sufficiente;0;0;0;3;12.51983;41.87637;-1;2;Autovettura privata;In marcia / fermata / arresto;Passeggero;F;Illeso;0;;Utilizzato;
2221598;12;07/12/2014 13:05;Strada Urbana;PIAZZA GUGLIELMO MARCONI;da specificare;;;;lato viale della Civiltà Romana;Scontro laterale fra veicoli in marcia;Rotatoria;Due carreggiate;Asciutto;Asfaltata;Verticale ed orizzontale;Sereno;Normale;Buona;Ore Diurne;0;0;0;2;12.47115;41.83342;-1;1;Autovettura privata;In marcia / fermata / arresto;Conducente;F;Illeso;0;;Non accertato;Inesploso
2221598;12;07/12/2014 13:05;Strada Urbana;PIAZZA GUGLIELMO MARCONI;da specificare;;;;lato viale della Civiltà Romana;Scontro laterale fra veicoli in marcia;Rotatoria;Due carreggiate;Asciutto;Asfaltata;Verticale ed orizzontale;Sereno;Normale;Buona;Ore Diurne;0;0;0;2;12.47115;41.83342;-1;2;Autovettura privata;In marcia / fermata / arresto;Conducente;M;Illeso;0;;Non accertato;Inesploso
2221609;20;07/12/2014 12:00;Regionale entro l'abitato;VIA CASSIA;in corrispondenza;;del civico n.;1730;;Scontro frontale/laterale DX fra veicoli in marcia;Rettilineo;Una carreggiata a doppio senso;Asciutto;Asfaltata;Verticale ed orizzontale;Sereno;Normale;Buona;Ore Diurne;0;0;0;3;12.37937;42.00828;-1;1;Autovettura privata;In marcia / fermata / arresto;Conducente;M;Illeso;0;;Non accertato;Inesploso