Protocollo;Gruppo;DataOraIncidente;Localizzazione1;STRADA1;Localizzazione2;STRADA2;Strada02;Chilometrica;DaSpecificare;NaturaIncidente;particolaritastrade;TipoStrada;FondoStradale;Pavimentazione;Segnaletica;CondizioneAtmosferica;Traffico;Visibilita;Illuminazione;NUM_FERITI;NUM_RISERVATA;NUM_MORTI;NUM_ILLESI;Longitudine;Latitudine;Confermato;Progressivo;TipoVeicolo;StatoVeicolo;TipoPersona;Sesso;Tipolesione;Deceduto;DecedutoDopo;CinturaCascoUtilizzato;Airbag
2226661;18;12/12/2014 09:15;Strada Urbana;CIRCONVALLAZIONE AURELIA;all'intersezione semaforizzata con;PIAZZA DI VILLA CARPEGNA;PIAZZA DI VILLA CARPEGNA;;;Investimento di pedone;Intersezione semaforizzata;Due carreggiate;Asciutto;Asfaltata;Verticale ed orizzontale;Sereno;Normale;Buona;Ore Diurne;1;0;0;2;12.42893;41.89568;-1;1;Autovettura di polizia;In marcia / fermata / arresto;Conducente;M;Illeso;0;;Non accertato;Inesploso
2226661;18;12/12/2014 09:15;Strada Urbana;CIRCONVALLAZIONE AURELIA;all'intersezione semaforizzata con;PIAZZA DI VILLA CARPEGNA;PIAZZA DI VILLA CARPEGNA;;;Investimento di pedone;Intersezione semaforizzata;Due carreggiate;Asciutto;Asfaltata;Verticale ed orizzontale;Sereno;Normale;Buona;Ore Diurne;1;0;0;2;12.42893;41.89568;-1;1;Autovettura di polizia;In marcia / fermata / arresto;Passeggero;M;Illeso;0;;Non accertato;Inesploso
2226690;18;12/12/2014 14:45;Strada Urbana;VIA GREGORIO XI;da specificare;;;;prossimità Via G.Del Vecchio;Tamponamento;Rettilineo;Due carreggiate;Asciutto;Asfaltata;Verticale ed orizzontale;Sole radente;Normale;Buona;Ore Diurne;1;0;0;1;12.41756;41.89796;-1;1;Autovettura privata;In marcia / fermata / arresto;Conducente;M;Illeso;0;;Non accertato;Inesploso
2226690;18;12/12/2014 14:45;Strada Urbana;VIA GREGORIO XI;da specificare;;;;prossimità Via G.Del Vecchio;Tamponamento;Rettilineo;Due carreggiate;Asciutto;Asfaltata;Verticale ed orizzontale;Sole radente;Normale;Buona;Ore Diurne;1;0;0;1;12.41756;41.89796;-1;2;Motociclo a solo;In marcia / fermata / arresto;Conducente;M;Rimandato;0;NON DECEDUTO;Non accertato;
2226734;2;12/12/2014 13:15;Strada Urbana;VIA DEL FORO ITALICO;da specificare;;;;ALTEZZA VIA DELLA MOSCHEA;Tamponamento;Rettilineo;Due carreggiate;Asciutto;Asfaltata;Verticale ed orizzontale;Sereno;Normale;Buona;Ore Diurne;1;0;0;1;12.49674;41.94019;-1;1;Autovettura privata;In marcia / fermata / arresto;Conducente;F;Rimandato;0;NON DECEDUTO;;
2226734;2;12/12/2014 13:15;Strada Urbana;VIA DEL FORO ITALICO;da specificare;;;;ALTEZZA VIA DELLA MOSCHEA;Tamponamento;Rettilineo;Due carreggiate;Asciutto;Asfaltata;Verticale ed orizzontale;Sereno;Normale;Buona;Ore Diurne;1;0;0;1;12.49674;41.94019;-1;2;Autovettura privata;In marcia / fermata / arresto;Conducente;M;Illeso;0;;;
2226749;9;12/12/2014 11:30;Strada Urbana;VIA BRITANNIA;in prossimità;;del civico n.;48;;Scontro laterale fra veicoli in marcia;Rettilineo;Una carreggiata a doppio senso;Asciutto;Asfaltata;Verticale ed orizzontale;Sereno;Normale;Buona;Ore Diurne;1;0;0;1;12.50821;41.87903;-1;1;Motociclo a solo;In marcia / fermata / arresto;Conducente;M;Rimandato;0;NON DECEDUTO;Non accertato;
2226749;9;12/12/2014 11:30;Strada Urbana;VIA BRITANNIA;in prossimità;;del civico n.;48;;Scontro laterale fra veicoli in marcia;Rettilineo;Una carreggiata a doppio senso;Asciutto;Asfaltata;Verticale ed orizzontale;Sereno;Normale;Buona;Ore Diurne;1;0;0;1;12.50821;41.87903;-1;2;Autovettura privata;In marcia / fermata / arresto;Conducente;F;Illeso;0;;Non accertato;Inesploso
2226753;12;12/12/2014 13:40;Comunale extraurbana;VIA DI PORTA MEDAGLIA;da specificare;;;;prossimità Via Ardeatina;Fuoriuscita dalla sede stradale;Curva a visuale libera;Una carreggiata a doppio senso;Asciutto;Strada pavimentata dissestata;Verticale;Sereno;Normale;Buona;Ore Diurne;0;0;0;1;12.55858;41.75689;-1;1;Autotreno;In marcia / fermata / arresto;Conducente;M;Illeso;0;;Utilizzato;Inesploso
2226942;6;12/12/2014 14:45;Strada Urbana;VIA DEI GORDIANI;da specificare;;;;VIA CHECCO DURANTE;Scontro frontale/laterale SX fra veicoli in marcia;Rettilineo;Una carreggiata a doppio senso;Asciutto;Asfaltata;Verticale ed orizzontale;Sereno;Scarso;Buona;Ore Diurne;0;0;0;4;12.55327;41.88144;-1;1;Autovettura privata;In marcia / fermata / arresto;Conducente;M;Illeso;0;;Non accertato;Inesploso
2226942;6;12/12/2014 14:45;Strada Urbana;VIA DEI GORDIANI;da specificare;;;;VIA CHECCO DURANTE;Scontro frontale/laterale SX fra veicoli in marcia;Rettilineo;Una carreggiata a doppio senso;Asciutto;Asfaltata;Verticale ed orizzontale;Sereno;Scarso;Buona;Ore Diurne;0;0;0;4;12.55327;41.88144;-1;1;Autovettura privata;In marcia / fermata / arresto;Passeggero;F;Illeso;0;;Non accertato;Inesploso
2226942;6;12/12/2014 14:45;Strada Urbana;VIA DEI GORDIANI;da specificare;;;;VIA CHECCO DURANTE;Scontro frontale/laterale SX fra veicoli in marcia;Rettilineo;Una carreggiata a doppio senso;Asciutto;Asfaltata;Verticale ed orizzontale;Sereno;Scarso;Buona;Ore Diurne;0;0;0;4;12.55327;41.88144;-1;2;Autovettura privata;In marcia / fermata / arresto;Conducente;M;Illeso;0;;Non accertato;Inesploso
2226942;6;12/12/2014 14:45;Strada Urbana;VIA DEI GORDIANI;da specificare;;;;VIA CHECCO DURANTE;Scontro frontale/laterale SX fra veicoli in marcia;Rettilineo;Una carreggiata a doppio senso;Asciutto;Asfaltata;Verticale ed orizzontale;Sereno;Scarso;Buona;Ore Diurne;0;0;0;4;12.55327;41.88144;-1;3;Autovettura privata;In marcia / fermata / arresto;Conducente;F;Illeso;0;;Non accertato;Inesploso
2226950;13;12/12/2014 01:00;Strada Urbana;VIA MAR DEI CORALLI;da specificare;;;;altezza Via Mar dei Caraibi;Veicolo in marcia contro ostacolo accidentale;Rettilineo;Due carreggiate;Asciutto;Asfaltata;Verticale ed orizzontale;Nuvoloso;Scarso;Buona;Ore Diurne;0;0;0;1;12.30154;41.72973;-1;1;Autovettura privata;In marcia / fermata / arresto;Conducente;F;Illeso;0;;;
2226955;6;12/12/2014 13:15;Strada Urbana;VIA NOMENTANA;in prossimità;;del civico n.;203;;Scontro laterale fra veicoli in marcia;Rettilineo;Più di due carreggiate;Asciutto;Asfaltata;Verticale ed orizzontale;Sereno;Intenso;Buona;Ore Diurne;0;0;0;2;12.5075;41.91363;-1;1;Autovettura di polizia;In marcia / fermata / arresto;Conducente;M;Illeso;0;;;
2226955;6;12/12/2014 13:15;Strada Urbana;VIA NOMENTANA;in prossimità;;del civico n.;203;;Scontro laterale fra veicoli in marcia;Rettilineo;Più di due carreggiate;Asciutto;Asfaltata;Verticale ed orizzontale;Sereno;Intenso;Buona;Ore Diurne;0;0;0;2;12.5075;41.91363;-1;2;Motociclo a solo;In marcia / fermata / arresto;Conducente;M;Illeso;0;;;
2226962;13;12/12/2014 08:45;Strada Urbana;VIA GIUSEPPE NICOLINI;in corrispondenza;;del civico n.;84;;Veicolo in marcia contro ostacolo accidentale;Rettilineo;Una carreggiata a doppio senso;Asciutto;Asfaltata;Assente;Sereno;Scarso;Buona;Ore Diurne;0;0;0;1;12.35357;41.7299;-1;1;Autovettura privata;In marcia / fermata / arresto;Conducente;M;Illeso;0;;;
2226968;6;12/12/2014 23:00;Provinciale;VIA PRENESTINA;da specificare;;;;prossimità VIA AVOLA;Scontro laterale fra veicoli in marcia;Curva a visuale libera;Una carreggiata a doppio senso;Asciutto;Asfaltata;Orizzontale;Nuvoloso;Normale;Insufficiente;Inesistente;2;0;0;1;12.65786;41.89158;-1;;;;Pedone;M;Rimandato;0;NON DECEDUTO;;
2226968;6;12/12/2014 23:00;Provinciale;VIA PRENESTINA;da specificare;;;;prossimità VIA AVOLA;Scontro laterale fra veicoli in marcia;Curva a visuale libera;Una carreggiata a doppio senso;Asciutto;Asfaltata;Orizzontale;Nuvoloso;Normale;Insufficiente;Inesistente;2;0;0;1;12.65786;41.89158;-1;1;Autovettura privata;In marcia / fermata / arresto;Conducente;M;Rimandato;0;NON DECEDUTO;Non accertato;Inesploso
2226968;6;12/12/2014 23:00;Provinciale;VIA PRENESTINA;da specificare;;;;prossimità VIA AVOLA;Scontro laterale fra veicoli in marcia;Curva a visuale libera;Una carreggiata a doppio senso;Asciutto;Asfaltata;Orizzontale;Nuvoloso;Normale;Insufficiente;Inesistente;2;0;0;1;12.65786;41.89158;-1;2;Autovettura privata;In marcia / fermata / arresto;Conducente;M;Illeso;0;;Non accertato;Inesploso
2226969;18;12/12/2014 12:30;Strada Urbana;VIA FEDERICO PATETTA;all'intersezione con;VIA NOSTRA SIGNORA DI LOURDES;VIA NOSTRA SIGNORA DI LOURDES;;;Scontro laterale fra veicoli in marcia;Intersezione semaforizzata;Una carreggiata a doppio senso;Asciutto;Asfaltata;Verticale ed orizzontale;Sereno;Normale;Buona;Ore Diurne;1;0;0;1;12.42747;41.90369;-1;1;Autovettura privata;In marcia / fermata / arresto;Conducente;M;Illeso;0;;Non accertato;Inesploso
2226969;18;12/12/2014 12:30;Strada Urbana;VIA FEDERICO PATETTA;all'intersezione con;VIA NOSTRA SIGNORA DI LOURDES;VIA NOSTRA SIGNORA DI LOURDES;;;Scontro laterale fra veicoli in marcia;Intersezione semaforizzata;Una carreggiata a doppio senso;Asciutto;Asfaltata;Verticale ed orizzontale;Sereno;Normale;Buona;Ore Diurne;1;0;0;1;12.42747;41.90369;-1;2;Motociclo a solo;In marcia / fermata / arresto;Conducente;M;Rifiuta cure immediate;0;NON DECEDUTO;Non accertato;
2226984;15;12/12/2014 13:40;Strada Urbana;LARGO DI S. SILVIA;in corrispondenza;;del palo luce n.;1;;Tamponamento;Rettilineo;Due carreggiate;Asciutto;Asfaltata;Verticale ed orizzontale;Sereno;Scarso;Buona;Ore Diurne;0;0;0;3;12.45048;41.85615;-1;1;Autovettura privata;In marcia / fermata / arresto;Conducente;F;Illeso;0;;Utilizzato;Inesploso
2226984;15;12/12/2014 13:40;Strada Urbana;LARGO DI S. SILVIA;in corrispondenza;;del palo luce n.;1;;Tamponamento;Rettilineo;Due carreggiate;Asciutto;Asfaltata;Verticale ed orizzontale;Sereno;Scarso;Buona;Ore Diurne;0;0;0;3;12.45048;41.85615;-1;2;Autovettura privata;In marcia / fermata / arresto;Conducente;F;Illeso;0;;Utilizzato;Inesploso
2226984;15;12/12/2014 13:40;Strada Urbana;LARGO DI S. SILVIA;in corrispondenza;;del palo luce n.;1;;Tamponamento;Rettilineo;Due carreggiate;Asciutto;Asfaltata;Verticale ed orizzontale;Sereno;Scarso;Buona;Ore Diurne;0;0;0;3;12.45048;41.85615;-1;2;Autovettura privata;In marcia / fermata / arresto;Passeggero;M;Illeso;0;;Non accertato;
2226986;12;12/12/2014 08:50;Strada Urbana;VIA NAIROBI;in corrispondenza;;del civico n.;40;;Infortunio per sola frenata improvvisa;Rettilineo;Una carreggiata a doppio senso;Asciutto;Asfaltata;Verticale ed orizzontale;Sereno;Normale;Buona;Ore Diurne;1;0;0;2;12.47291;41.82306;-1;1;Autovettura privata;In marcia / fermata / arresto;Conducente;F;Illeso;0;;Non accertato;Inesploso
2226986;12;12/12/2014 08:50;Strada Urbana;VIA NAIROBI;in corrispondenza;;del civico n.;40;;Infortunio per sola frenata improvvisa;Rettilineo;Una carreggiata a doppio senso;Asciutto;Asfaltata;Verticale ed orizzontale;Sereno;Normale;Buona;Ore Diurne;1;0;0;2;12.47291;41.82306;-1;1;Autovettura privata;In marcia / fermata / arresto;Passeggero;F;Illeso;0;;Non accertato;Inesploso
2226986;12;12/12/2014 08:50;Strada Urbana;VIA NAIROBI;in corrispondenza;;del civico n.;40;;Infortunio per sola frenata improvvisa;Rettilineo;Una carreggiata a doppio senso;Asciutto;Asfaltata;Verticale ed orizzontale;Sereno;Normale;Buona;Ore Diurne;1;0;0;2;12.47291;41.82306;-1;2;Motociclo a solo;In marcia / fermata / arresto;Conducente;M;Ricoverato;0;NON DECEDUTO;Utilizzato;
2226987;6;12/12/2014 14:58;Strada Urbana;VIA DI ACQUA BULLICANTE;all'intersezione con;VIA GIUSEPPE DALLA VEDOVA;VIA GIUSEPPE DALLA VEDOVA;;;Scontro frontale/laterale DX fra veicoli in marcia;Incrocio;Una carreggiata a doppio senso;Asciutto;Asfaltata;Verticale;Sereno;Normale;Buona;Ore Diurne;2;0;0;2;12.54317;41.88638;-1;1;Autovettura privata;In marcia / fermata / arresto;Conducente;F;Illeso;0;;Non accertato;Inesploso
2226987;6;12/12/2014 14:58;Strada Urbana;VIA DI ACQUA BULLICANTE;all'intersezione con;VIA GIUSEPPE DALLA VEDOVA;VIA GIUSEPPE DALLA VEDOVA;;;Scontro frontale/laterale DX fra veicoli in marcia;Incrocio;Una carreggiata a doppio senso;Asciutto;Asfaltata;Verticale;Sereno;Normale;Buona;Ore Diurne;2;0;0;2;12.54317;41.88638;-1;1;Autovettura privata;In marcia / fermata / arresto;Passeggero;F;Illeso;0;;Non accertato;Inesploso
2226987;6;12/12/2014 14:58;Strada Urbana;VIA DI ACQUA BULLICANTE;all'intersezione con;VIA GIUSEPPE DALLA VEDOVA;VIA GIUSEPPE DALLA VEDOVA;;;Scontro frontale/laterale DX fra veicoli in marcia;Incrocio;Una carreggiata a doppio senso;Asciutto;Asfaltata;Verticale;Sereno;Normale;Buona;Ore Diurne;2;0;0;2;12.54317;41.88638;-1;2;Motociclo a solo;In marcia / fermata / arresto;Conducente;M;Rimandato;0;NON DECEDUTO;Non accertato;
2226987;6;12/12/2014 14:58;Strada Urbana;VIA DI ACQUA BULLICANTE;all'intersezione con;VIA GIUSEPPE DALLA VEDOVA;VIA GIUSEPPE DALLA VEDOVA;;;Scontro frontale/laterale DX fra veicoli in marcia;Incrocio;Una carreggiata a doppio senso;Asciutto;Asfaltata;Verticale;Sereno;Normale;Buona;Ore Diurne;2;0;0;2;12.54317;41.88638;-1;2;Motociclo a solo;In marcia / fermata / arresto;Passeggero;F;Rimandato;0;NON DECEDUTO;Non accertato;
2226991;12;12/12/2014 09:15;Strada Urbana;VIALE UMBERTO TUPINI;all'intersezione semaforizzata con;VIALE DELL'ASTRONOMIA;VIALE DELL'ASTRONOMIA;;;Scontro frontale fra veicoli in marcia;Intersezione semaforizzata;Una carreggiata a doppio senso;Asciutto;Asfaltata;Verticale ed orizzontale;Sereno;Normale;Buona;Ore Diurne;3;0;0;4;12.46315;41.83539;-1;1;Autovettura privata;In marcia / fermata / arresto;Conducente;M;Illeso;0;;Non accertato;Esploso
2226991;12;12/12/2014 09:15;Strada Urbana;VIALE UMBERTO TUPINI;all'intersezione semaforizzata con;VIALE DELL'ASTRONOMIA;VIALE DELL'ASTRONOMIA;;;Scontro frontale fra veicoli in marcia;Intersezione semaforizzata;Una carreggiata a doppio senso;Asciutto;Asfaltata;Verticale ed orizzontale;Sereno;Normale;Buona;Ore Diurne;3;0;0;4;12.46315;41.83539;-1;1;Autovettura privata;In marcia / fermata / arresto;Passeggero;M;Illeso;0;;Non accertato;Inesploso
2226991;12;12/12/2014 09:15;Strada Urbana;VIALE UMBERTO TUPINI;all'intersezione semaforizzata con;VIALE DELL'ASTRONOMIA;VIALE DELL'ASTRONOMIA;;;Scontro frontale fra veicoli in marcia;Intersezione semaforizzata;Una carreggiata a doppio senso;Asciutto;Asfaltata;Verticale ed orizzontale;Sereno;Normale;Buona;Ore Diurne;3;0;0;4;12.46315;41.83539;-1;1;Autovettura privata;In marcia / fermata / arresto;Passeggero;F;Illeso;0;;Non accertato;Inesploso
2226991;12;12/12/2014 09:15;Strada Urbana;VIALE UMBERTO TUPINI;all'intersezione semaforizzata con;VIALE DELL'ASTRONOMIA;VIALE DELL'ASTRONOMIA;;;Scontro frontale fra veicoli in marcia;Intersezione semaforizzata;Una carreggiata a doppio senso;Asciutto;Asfaltata;Verticale ed orizzontale;Sereno;Normale;Buona;Ore Diurne;3;0;0;4;12.46315;41.83539;-1;1;Autovettura privata;In marcia / fermata / arresto;Passeggero;M;Ricoverato;0;NON DECEDUTO;Non accertato;Esploso
2226991;12;12/12/2014 09:15;Strada Urbana;VIALE UMBERTO TUPINI;all'intersezione semaforizzata con;VIALE DELL'ASTRONOMIA;VIALE DELL'ASTRONOMIA;;;Scontro frontale fra veicoli in marcia;Intersezione semaforizzata;Una carreggiata a doppio senso;Asciutto;Asfaltata;Verticale ed orizzontale;Sereno;Normale;Buona;Ore Diurne;3;0;0;4;12.46315;41.83539;-1;2;Autovettura privata;In marcia / fermata / arresto;Conducente;M;Ricoverato;0;NON DECEDUTO;Non accertato;Inesploso
2226991;12;12/12/2014 09:15;Strada Urbana;VIALE UMBERTO TUPINI;all'intersezione semaforizzata con;VIALE DELL'ASTRONOMIA;VIALE DELL'ASTRONOMIA;;;Scontro frontale fra veicoli in marcia;Intersezione semaforizzata;Una carreggiata a doppio senso;Asciutto;Asfaltata;Verticale ed orizzontale;Sereno;Normale;Buona;Ore Diurne;3;0;0;4;12.46315;41.83539;-1;2;Autovettura privata;In marcia / fermata / arresto;Passeggero;F;Ricoverato;0;NON DECEDUTO;Non accertato;Inesploso
2226991;12;12/12/2014 09:15;Strada Urbana;VIALE UMBERTO TUPINI;all'intersezione semaforizzata con;VIALE DELL'ASTRONOMIA;VIALE DELL'ASTRONOMIA;;;Scontro frontale fra veicoli in marcia;Intersezione semaforizzata;Una carreggiata a doppio senso;Asciutto;Asfaltata;Verticale ed orizzontale;Sereno;Normale;Buona;Ore Diurne;3;0;0;4;12.46315;41.83539;-1;2;Autovettura privata;In marcia / fermata / arresto;Passeggero;F;Illeso;0;;Esente;Inesploso
2226996;18;12/12/2014 13:15;Strada Urbana;VIA FEDERICO PATETTA;da specificare;;;;in prossimita' di Via Nostra Signora di Lourdes;Veicolo in marcia contro ostacolo accidentale;Rettilineo;Una carreggiata a doppio senso;Asciutto;Asfaltata;Verticale ed orizzontale;Sereno;Normale;Buona;Ore Diurne;0;0;0;1;12.42751;41.90378;-1;1;Autovettura privata;In marcia / fermata / arresto;Conducente;M;Illeso;0;;Non accertato;Inesploso
2227006;15;12/12/2014 18:30;Strada Urbana;PIAZZA DELLA RADIO;all'intersezione semaforizzata con;VIA GIOVANNI VOLPATO;VIA GIOVANNI VOLPATO;;;Scontro laterale fra veicoli in marcia;Intersezione semaforizzata;Due carreggiate;Asciutto;Asfaltata;Verticale ed orizzontale;Sereno;Normale;Buona;Sufficiente;0;0;0;3;12.46697;41.86912;-1;1;Autovettura privata;In marcia / fermata / arresto;Conducente;M;Illeso;0;;;
2227006;15;12/12/2014 18:30;Strada Urbana;PIAZZA DELLA RADIO;all'intersezione semaforizzata con;VIA GIOVANNI VOLPATO;VIA GIOVANNI VOLPATO;;;Scontro laterale fra veicoli in marcia;Intersezione semaforizzata;Due carreggiate;Asciutto;Asfaltata;Verticale ed orizzontale;Sereno;Normale;Buona;Sufficiente;0;0;0;3;12.46697;41.86912;-1;1;Autovettura privata;In marcia / fermata / arresto;Passeggero;F;Illeso;0;;;
2227006;15;12/12/2014 18:30;Strada Urbana;PIAZZA DELLA RADIO;all'intersezione semaforizzata con;VIA GIOVANNI VOLPATO;VIA GIOVANNI VOLPATO;;;Scontro laterale fra veicoli in marcia;Intersezione semaforizzata;Due carreggiate;Asciutto;Asfaltata;Verticale ed orizzontale;Sereno;Normale;Buona;Sufficiente;0;0;0;3;12.46697;41.86912;-1;2;Autovettura privata;In marcia / fermata / arresto;Conducente;F;Illeso;0;;;
2227024;8;12/12/2014 14:30;Strada Urbana;VIA COLUMBIA;all'intersezione con;VIA DEL POLITECNICO;VIA DEL POLITECNICO;;;Scontro frontale/laterale SX fra veicoli in marcia;Intersezione stradale segnalata;Una carreggiata a doppio senso;Asciutto;Asfaltata;Verticale ed orizzontale;Sereno;Scarso;Buona;Ore Diurne;1;0;0;1;12.61728;41.85491;-1;1;Autovettura privata;In marcia / fermata / arresto;Conducente;M;Illeso;0;;Non accertato;Inesploso
2227024;8;12/12/2014 14:30;Strada Urbana;VIA COLUMBIA;all'intersezione con;VIA DEL POLITECNICO;VIA DEL POLITECNICO;;;Scontro frontale/laterale SX fra veicoli in marcia;Intersezione stradale segnalata;Una carreggiata a doppio senso;Asciutto;Asfaltata;Verticale ed orizzontale;Sereno;Scarso;Buona;Ore Diurne;1;0;0;1;12.61728;41.85491;-1;2;Velocipede;In marcia / fermata / arresto;Conducente;F;Ricoverato;0;NON DECEDUTO;Esente;
2227031;1;13/12/2014 08:15;Strada Urbana;VIA AMERIGO VESPUCCI;all'intersezione con;VIA ROMOLO GESSI;VIA ROMOLO GESSI;;;Scontro frontale/laterale SX fra veicoli in marcia;Incrocio;Una carreggiata a senso unico di marcia;Asciutto;In cubetti di porfido;Verticale ed orizzontale;Sereno;Normale;Buona;Ore Diurne;1;0;0;2;12.47496;41.88141;-1;1;Autovettura privata;In marcia / fermata / arresto;Passeggero;F;Illeso;0;;Non accertato;Inesploso
2227031;1;13/12/2014 08:15;Strada Urbana;VIA AMERIGO VESPUCCI;all'intersezione con;VIA ROMOLO GESSI;VIA ROMOLO GESSI;;;Scontro frontale/laterale SX fra veicoli in marcia;Incrocio;Una carreggiata a senso unico di marcia;Asciutto;In cubetti di porfido;Verticale ed orizzontale;Sereno;Normale;Buona;Ore Diurne;1;0;0;2;12.47496;41.88141;-1;1;Autovettura privata;In marcia / fermata / arresto;Conducente;F;Illeso;0;;Non accertato;Inesploso
2227031;1;13/12/2014 08:15;Strada Urbana;VIA AMERIGO VESPUCCI;all'intersezione con;VIA ROMOLO GESSI;VIA ROMOLO GESSI;;;Scontro frontale/laterale SX fra veicoli in marcia;Incrocio;Una carreggiata a senso unico di marcia;Asciutto;In cubetti di porfido;Verticale ed orizzontale;Sereno;Normale;Buona;Ore Diurne;1;0;0;2;12.47496;41.88141;-1;2;Motociclo a solo;In marcia / fermata / arresto;Conducente;M;Rimandato;0;NON DECEDUTO;Non accertato;
2227033;8;11/12/2014 14:15;Strada Urbana;VIA ANDREA NOALE;da specificare;;;;600 mt prima rotatoria via Salone;Tamponamento Multiplo;Rettilineo;Una carreggiata a doppio senso;Asciutto;Asfaltata;Orizzontale;Sereno;Normale;Buona;Ore Diurne;2;0;0;1;12.63357;41.915;-1;1;Autovettura privata;In marcia / fermata / arresto;Conducente;M;Illeso;0;;Non accertato;Inesploso
2227033;8;11/12/2014 14:15;Strada Urbana;VIA ANDREA NOALE;da specificare;;;;600 mt prima rotatoria via Salone;Tamponamento Multiplo;Rettilineo;Una carreggiata a doppio senso;Asciutto;Asfaltata;Orizzontale;Sereno;Normale;Buona;Ore Diurne;2;0;0;1;12.63357;41.915;-1;2;Autovettura privata;In marcia / fermata / arresto;Conducente;M;Rimandato;0;NON DECEDUTO;Non accertato;Inesploso
2227033;8;11/12/2014 14:15;Strada Urbana;VIA ANDREA NOALE;da specificare;;;;600 mt prima rotatoria via Salone;Tamponamento Multiplo;Rettilineo;Una carreggiata a doppio senso;Asciutto;Asfaltata;Orizzontale;Sereno;Normale;Buona;Ore Diurne;2;0;0;1;12.63357;41.915;-1;3;Autovettura privata;In marcia / fermata / arresto;Conducente;F;Rimandato;0;NON DECEDUTO;Non accertato;Inesploso
2227037;8;11/12/2014 16:20;Strada Urbana;VIA PRENESTINA;in corrispondenza;;del civico n.;1649;;Scontro frontale/laterale SX fra veicoli in marcia;Rettilineo;Una carreggiata a doppio senso;Asciutto;Asfaltata;Verticale ed orizzontale;Sereno;Intenso;Buona;Ore Diurne;1;0;0;1;12.6818;41.89043;-1;1;Autovettura privata;In marcia / fermata / arresto;Conducente;M;Illeso;0;;Non accertato;Inesploso
2227037;8;11/12/2014 16:20;Strada Urbana;VIA PRENESTINA;in corrispondenza;;del civico n.;1649;;Scontro frontale/laterale SX fra veicoli in marcia;Rettilineo;Una carreggiata a doppio senso;Asciutto;Asfaltata;Verticale ed orizzontale;Sereno;Intenso;Buona;Ore Diurne;1;0;0;1;12.6818;41.89043;-1;2;Motociclo a solo;In marcia / fermata / arresto;Conducente;M;Rimandato;0;NON DECEDUTO;Non accertato;
2227043;8;11/12/2014 09:40;Strada Urbana;VIA DI ROCCA CENCIA;all'intersezione con;VIA CORLEONE;VIA CORLEONE;;;Scontro frontale/laterale SX fra veicoli in marcia;Intersezione non regolata/non segnalata;Una carreggiata a doppio senso;Asciutto;Asfaltata;Verticale ed orizzontale;Sereno;Intenso;Buona;Ore Diurne;0;0;0;6;12.68759;41.86456;-1;1;Autovettura privata;In marcia / fermata / arresto;Conducente;M;Illeso;0;;Non accertato;Inesploso
2227043;8;11/12/2014 09:40;Strada Urbana;VIA DI ROCCA CENCIA;all'intersezione con;VIA CORLEONE;VIA CORLEONE;;;Scontro frontale/laterale SX fra veicoli in marcia;Intersezione non regolata/non segnalata;Una carreggiata a doppio senso;Asciutto;Asfaltata;Verticale ed orizzontale;Sereno;Intenso;Buona;Ore Diurne;0;0;0;6;12.68759;41.86456;-1;1;Autovettura privata;In marcia / fermata / arresto;Passeggero;F;Illeso;0;;Non accertato;Inesploso
2227043;8;11/12/2014 09:40;Strada Urbana;VIA DI ROCCA CENCIA;all'intersezione con;VIA CORLEONE;VIA CORLEONE;;;Scontro frontale/laterale SX fra veicoli in marcia;Intersezione non regolata/non segnalata;Una carreggiata a doppio senso;Asciutto;Asfaltata;Verticale ed orizzontale;Sereno;Intenso;Buona;Ore Diurne;0;0;0;6;12.68759;41.86456;-1;1;Autovettura privata;In marcia / fermata / arresto;Passeggero;M;Illeso;0;;Non accertato;Inesploso
2227043;8;11/12/2014 09:40;Strada Urbana;VIA DI ROCCA CENCIA;all'intersezione con;VIA CORLEONE;VIA CORLEONE;;;Scontro frontale/laterale SX fra veicoli in marcia;Intersezione non regolata/non segnalata;Una carreggiata a doppio senso;Asciutto;Asfaltata;Verticale ed orizzontale;Sereno;Intenso;Buona;Ore Diurne;0;0;0;6;12.68759;41.86456;-1;1;Autovettura privata;In marcia / fermata / arresto;Passeggero;F;Illeso;0;;Non accertato;Inesploso
2227043;8;11/12/2014 09:40;Strada Urbana;VIA DI ROCCA CENCIA;all'intersezione con;VIA CORLEONE;VIA CORLEONE;;;Scontro frontale/laterale SX fra veicoli in marcia;Intersezione non regolata/non segnalata;Una carreggiata a doppio senso;Asciutto;Asfaltata;Verticale ed orizzontale;Sereno;Intenso;Buona;Ore Diurne;0;0;0;6;12.68759;41.86456;-1;2;Autovettura privata;In marcia / fermata / arresto;Conducente;M;Illeso;0;;Non accertato;Inesploso
2227043;8;11/12/2014 09:40;Strada Urbana;VIA DI ROCCA CENCIA;all'intersezione con;VIA CORLEONE;VIA CORLEONE;;;Scontro frontale/laterale SX fra veicoli in marcia;Intersezione non regolata/non segnalata;Una carreggiata a doppio senso;Asciutto;Asfaltata;Verticale ed orizzontale;Sereno;Intenso;Buona;Ore Diurne;0;0;0;6;12.68759;41.86456;-1;2;Autovettura privata;In marcia / fermata / arresto;Passeggero;F;Illeso;0;;Non utilizzato;Inesploso
2227048;8;11/12/2014 18:00;Strada Urbana;VIALE DUILIO CAMBELLOTTI;da specificare;;;;dir. Tor Vergata alt. svincolo Via Casilina ;Veicolo in marcia contro ostacolo accidentale;Rettilineo;Due carreggiate;Asciutto;Asfaltata;Verticale ed orizzontale;Sereno;Normale;Buona;Sufficiente;0;0;0;1;12.62699;41.86328;-1;1;Autovettura privata;In marcia / fermata / arresto;Conducente;F;Illeso;0;;Non accertato;Inesploso