Protocollo;Gruppo;DataOraIncidente;Localizzazione1;STRADA1;Localizzazione2;STRADA2;Strada02;Chilometrica;DaSpecificare;NaturaIncidente;particolaritastrade;TipoStrada;FondoStradale;Pavimentazione;Segnaletica;CondizioneAtmosferica;Traffico;Visibilita;Illuminazione;NUM_FERITI;NUM_RISERVATA;NUM_MORTI;NUM_ILLESI;Longitudine;Latitudine;Confermato;Progressivo;TipoVeicolo;StatoVeicolo;TipoPersona;Sesso;Tipolesione;Deceduto;DecedutoDopo;CinturaCascoUtilizzato;Airbag
2230823;13;16/12/2014 06:30;Strada Urbana;PIAZZALE MAGELLANO;da specificare;;;;in prossimità viale della vittoria;Veicolo in marcia contro ostacolo fisso;Rotatoria;Una carreggiata a senso unico di marcia;Bagnato (pioggia);Asfaltata;Orizzontale;Pioggia in atto;Scarso;Buona;Ore Diurne;0;0;0;1;12.28899;41.72573;-1;1;Autovettura privata;In marcia / fermata / arresto;Conducente;M;Illeso;0;;Non accertato;Inesploso
2230826;13;16/12/2014 16:00;Strada Urbana;VIA ISOLE DEL CAPO VERDE;da specificare;;;;prossimità via c.m di moriondo;Investimento di pedone;Rettilineo;Due carreggiate;Bagnato (pioggia);Asfaltata;Orizzontale;Pioggia in atto;Normale;Buona;Ore Diurne;1;0;0;1;12.27388;41.73787;-1;;;;Pedone;M;Rifiuta cure immediate;0;NON DECEDUTO;;
2230826;13;16/12/2014 16:00;Strada Urbana;VIA ISOLE DEL CAPO VERDE;da specificare;;;;prossimità via c.m di moriondo;Investimento di pedone;Rettilineo;Due carreggiate;Bagnato (pioggia);Asfaltata;Orizzontale;Pioggia in atto;Normale;Buona;Ore Diurne;1;0;0;1;12.27388;41.73787;-1;1;Autovettura privata;In marcia / fermata / arresto;Conducente;M;Illeso;0;;Non accertato;Inesploso
2230843;3;16/12/2014 03:00;Strada Urbana;VIA SALARIA;all'intersezione semaforizzata con;VIALE SOMALIA;VIALE SOMALIA;;;Tamponamento;Incrocio;Due carreggiate;Bagnato (pioggia);Asfaltata;Verticale ed orizzontale;Pioggia in atto;Scarso;Sufficiente;Sufficiente;1;0;0;1;12.51691;41.99645;-1;1;Autovettura privata;In marcia / fermata / arresto;Conducente;M;Rimandato;0;NON DECEDUTO;Non accertato;Inesploso
2230843;3;16/12/2014 03:00;Strada Urbana;VIA SALARIA;all'intersezione semaforizzata con;VIALE SOMALIA;VIALE SOMALIA;;;Tamponamento;Incrocio;Due carreggiate;Bagnato (pioggia);Asfaltata;Verticale ed orizzontale;Pioggia in atto;Scarso;Sufficiente;Sufficiente;1;0;0;1;12.51691;41.99645;-1;2;Autovettura privata;In marcia / fermata / arresto;Conducente;M;Illeso;0;;Non accertato;Inesploso
2230848;13;16/12/2014 11:00;Provinciale;VIA LITORANEA;da specificare;;;;circa 50 m dopo intrsezione via dei Transatlantici;Scontro laterale fra veicoli in marcia;Rettilineo;Una carreggiata a doppio senso;Asciutto;Asfaltata;Assente;Sereno;Scarso;Buona;Ore Diurne;0;0;0;2;12.37354;41.68762;-1;1;Autovettura privata;In marcia / fermata / arresto;Conducente;M;Illeso;0;;Non accertato;Inesploso
2230848;13;16/12/2014 11:00;Provinciale;VIA LITORANEA;da specificare;;;;circa 50 m dopo intrsezione via dei Transatlantici;Scontro laterale fra veicoli in marcia;Rettilineo;Una carreggiata a doppio senso;Asciutto;Asfaltata;Assente;Sereno;Scarso;Buona;Ore Diurne;0;0;0;2;12.37354;41.68762;-1;1;Autovettura privata;In marcia / fermata / arresto;Passeggero;F;Illeso;0;;Non accertato;Inesploso
2230853;13;16/12/2014 11:30;Strada Urbana;PIAZZA S. LEONARDO DA PORTO MAURIZIO;in corrispondenza;;del civico n.;31;;Scontro laterale fra veicoli in marcia;Curva a visuale libera;Una carreggiata a senso unico di marcia;Asciutto;Asfaltata;Verticale ed orizzontale;Sereno;Normale;Buona;Ore Diurne;0;0;0;2;12.36506;41.78293;-1;1;Autoarticolato;In marcia / fermata / arresto;Conducente;M;Illeso;0;;Non accertato;Inesploso
2230853;13;16/12/2014 11:30;Strada Urbana;PIAZZA S. LEONARDO DA PORTO MAURIZIO;in corrispondenza;;del civico n.;31;;Scontro laterale fra veicoli in marcia;Curva a visuale libera;Una carreggiata a senso unico di marcia;Asciutto;Asfaltata;Verticale ed orizzontale;Sereno;Normale;Buona;Ore Diurne;0;0;0;2;12.36506;41.78293;-1;2;Autovettura privata;In marcia / fermata / arresto;Conducente;F;Illeso;0;;Non accertato;Inesploso
2230858;13;16/12/2014 13:15;Strada Urbana;VIA MARCELLO MASTROIANNI;da specificare;;;;pressi via g. agus;Scontro laterale fra veicoli in marcia;Rettilineo;Una carreggiata a doppio senso;Bagnato (pioggia);Asfaltata;Verticale ed orizzontale;Nuvoloso;Normale;Buona;Ore Diurne;0;0;0;2;12.39721;41.78571;-1;1;Motociclo con passeggero;In marcia / fermata / arresto;Conducente;M;Illeso;0;;Non accertato;
2230858;13;16/12/2014 13:15;Strada Urbana;VIA MARCELLO MASTROIANNI;da specificare;;;;pressi via g. agus;Scontro laterale fra veicoli in marcia;Rettilineo;Una carreggiata a doppio senso;Bagnato (pioggia);Asfaltata;Verticale ed orizzontale;Nuvoloso;Normale;Buona;Ore Diurne;0;0;0;2;12.39721;41.78571;-1;2;Autovettura privata;In marcia / fermata / arresto;Conducente;M;Illeso;0;;Non accertato;Inesploso
2230860;12;16/12/2014 22:00;Provinciale entro l'abitato;VIA LAURENTINA;da specificare;;;;dir. Pomezia 50 mt prima di Via della Efemera;Scontro laterale fra veicoli in marcia;Rettilineo;Una carreggiata a doppio senso;Asciutto;Asfaltata;Orizzontale;Nuvoloso;Scarso;Sufficiente;Sufficiente;0;0;0;2;12.47922;41.82483;-1;1;Autovettura privata;In marcia / fermata / arresto;Conducente;M;Illeso;0;;Non accertato;Inesploso
2230860;12;16/12/2014 22:00;Provinciale entro l'abitato;VIA LAURENTINA;da specificare;;;;dir. Pomezia 50 mt prima di Via della Efemera;Scontro laterale fra veicoli in marcia;Rettilineo;Una carreggiata a doppio senso;Asciutto;Asfaltata;Orizzontale;Nuvoloso;Scarso;Sufficiente;Sufficiente;0;0;0;2;12.47922;41.82483;-1;2;Autovettura privata;In marcia / fermata / arresto;Conducente;M;Illeso;0;;Utilizzato;Inesploso
2230861;13;16/12/2014 14:10;Strada Urbana;VIALE DI CASTEL PORZIANO;all'intersezione con;VIA GIUSEPPE NICOLINI;VIA GIUSEPPE NICOLINI;;;Scontro frontale/laterale DX fra veicoli in marcia;Incrocio;Una carreggiata a doppio senso;Bagnato (pioggia);Asfaltata;Assente;Nuvoloso;Normale;Buona;Ore Diurne;0;0;0;2;12.35109;41.73219;-1;1;Autovettura privata;In marcia / fermata / arresto;Conducente;F;Illeso;0;;Non accertato;Inesploso
2230861;13;16/12/2014 14:10;Strada Urbana;VIALE DI CASTEL PORZIANO;all'intersezione con;VIA GIUSEPPE NICOLINI;VIA GIUSEPPE NICOLINI;;;Scontro frontale/laterale DX fra veicoli in marcia;Incrocio;Una carreggiata a doppio senso;Bagnato (pioggia);Asfaltata;Assente;Nuvoloso;Normale;Buona;Ore Diurne;0;0;0;2;12.35109;41.73219;-1;2;Autovettura privata;In marcia / fermata / arresto;Conducente;F;Illeso;0;;Non accertato;Inesploso
2230862;13;16/12/2014 15:30;Strada Urbana;VIA ISOLE DEL CAPO VERDE;all'intersezione con;VIA CARLO MARENCO DI MORIONDO;VIA CARLO MARENCO DI MORIONDO;;;Scontro laterale fra veicoli in marcia;Incrocio;Una carreggiata a doppio senso;Bagnato (pioggia);Asfaltata;Verticale ed orizzontale;Pioggia in atto;Normale;Buona;Ore Diurne;0;0;0;5;12.27388;41.73787;-1;1;Motociclo con passeggero;In marcia / fermata / arresto;Conducente;M;Illeso;0;;Non accertato;
2230862;13;16/12/2014 15:30;Strada Urbana;VIA ISOLE DEL CAPO VERDE;all'intersezione con;VIA CARLO MARENCO DI MORIONDO;VIA CARLO MARENCO DI MORIONDO;;;Scontro laterale fra veicoli in marcia;Incrocio;Una carreggiata a doppio senso;Bagnato (pioggia);Asfaltata;Verticale ed orizzontale;Pioggia in atto;Normale;Buona;Ore Diurne;0;0;0;5;12.27388;41.73787;-1;1;Motociclo con passeggero;In marcia / fermata / arresto;Passeggero;M;Illeso;0;;Non accertato;
2230862;13;16/12/2014 15:30;Strada Urbana;VIA ISOLE DEL CAPO VERDE;all'intersezione con;VIA CARLO MARENCO DI MORIONDO;VIA CARLO MARENCO DI MORIONDO;;;Scontro laterale fra veicoli in marcia;Incrocio;Una carreggiata a doppio senso;Bagnato (pioggia);Asfaltata;Verticale ed orizzontale;Pioggia in atto;Normale;Buona;Ore Diurne;0;0;0;5;12.27388;41.73787;-1;2;Autovettura di polizia;In marcia / fermata / arresto;Conducente;M;Illeso;0;;Non accertato;Inesploso
2230862;13;16/12/2014 15:30;Strada Urbana;VIA ISOLE DEL CAPO VERDE;all'intersezione con;VIA CARLO MARENCO DI MORIONDO;VIA CARLO MARENCO DI MORIONDO;;;Scontro laterale fra veicoli in marcia;Incrocio;Una carreggiata a doppio senso;Bagnato (pioggia);Asfaltata;Verticale ed orizzontale;Pioggia in atto;Normale;Buona;Ore Diurne;0;0;0;5;12.27388;41.73787;-1;2;Autovettura di polizia;In marcia / fermata / arresto;Passeggero;M;Illeso;0;;;
2230862;13;16/12/2014 15:30;Strada Urbana;VIA ISOLE DEL CAPO VERDE;all'intersezione con;VIA CARLO MARENCO DI MORIONDO;VIA CARLO MARENCO DI MORIONDO;;;Scontro laterale fra veicoli in marcia;Incrocio;Una carreggiata a doppio senso;Bagnato (pioggia);Asfaltata;Verticale ed orizzontale;Pioggia in atto;Normale;Buona;Ore Diurne;0;0;0;5;12.27388;41.73787;-1;2;Autovettura di polizia;In marcia / fermata / arresto;Passeggero;M;Illeso;0;;;
2230864;1;16/12/2014 18:35;Strada Urbana;VIA BEATRICE CENCI;in corrispondenza;;del civico n.;11;;Veicolo in marcia contro ostacolo accidentale;Rettilineo;Una carreggiata a senso unico di marcia;Bagnato (brina);Acciotolata;Verticale ed orizzontale;Nuvoloso;Scarso;Buona;Sufficiente;0;0;0;1;12.47555;41.89187;-1;1;Motociclo a solo;In marcia / fermata / arresto;Conducente;F;Illeso;0;;Non accertato;
2230867;13;16/12/2014 16:05;Strada Urbana;VIADOTTO ZELIA NUTTALL;da specificare;;;;alt. rampa discendente via ostiense;Scontro laterale fra veicoli in marcia;Rettilineo;Due carreggiate;Bagnato (pioggia);Asfaltata;Verticale ed orizzontale;Pioggia in atto;Normale;Buona;Ore Diurne;1;0;0;1;12.33658;41.77448;-1;1;Autovettura privata;In marcia / fermata / arresto;Conducente;M;Illeso;0;;Non accertato;Inesploso
2230867;13;16/12/2014 16:05;Strada Urbana;VIADOTTO ZELIA NUTTALL;da specificare;;;;alt. rampa discendente via ostiense;Scontro laterale fra veicoli in marcia;Rettilineo;Due carreggiate;Bagnato (pioggia);Asfaltata;Verticale ed orizzontale;Pioggia in atto;Normale;Buona;Ore Diurne;1;0;0;1;12.33658;41.77448;-1;2;Motociclo a solo;In marcia / fermata / arresto;Conducente;M;Rimandato;0;NON DECEDUTO;Non accertato;
2230868;13;16/12/2014 18:10;Strada Urbana;VIA DOMENICO PURIFICATO;in corrispondenza;;del civico n.;188;;Veicolo in marcia contro ostacolo fisso;Rettilineo;Una carreggiata a doppio senso;Bagnato (pioggia);Asfaltata;Assente;Pioggia in atto;Normale;Buona;Sufficiente;0;0;0;1;12.35902;41.77055;-1;1;Autovettura privata;In marcia / fermata / arresto;Conducente;M;Illeso;0;;Non accertato;Inesploso
2230871;13;16/12/2014 22:00;Strada Urbana;VIA MAR DEI CORALLI;da specificare;;;;pressi via mar dei caraibi;Veicolo in marcia contro ostacolo fisso;Rettilineo;Una carreggiata a doppio senso;Bagnato (pioggia);Asfaltata;Assente;Nuvoloso;Scarso;Insufficiente;Insufficiente;0;0;0;1;12.30154;41.72973;-1;1;Autovettura privata;In marcia / fermata / arresto;Conducente;M;Illeso;0;;Non accertato;Inesploso
2230873;4;16/12/2014 13:45;Strada Urbana;VIA DI CASAL BOCCONE;in prossimità;;del civico n.;81;;Veicolo in marcia contro ostacolo accidentale;Rettilineo;Una carreggiata a doppio senso;Bagnato (pioggia);Asfaltata;Assente;Pioggia in atto;Normale;Buona;Ore Diurne;0;0;0;1;12.56272;41.95032;-1;1;Autovettura privata;In marcia / fermata / arresto;Conducente;M;Illeso;0;;Non accertato;
2230879;17;16/12/2014 05:30;Strada Urbana;VIA RAFFAELE CAVERNI;in corrispondenza;;del civico n.;16;;Veicolo in marcia contro ostacolo accidentale;Rettilineo;Una carreggiata a senso unico di marcia;Bagnato (pioggia);Asfaltata;Verticale;Pioggia in atto;Normale;Sufficiente;Sufficiente;0;0;0;1;12.45134;41.91317;-1;2;Autovettura privata;In marcia / fermata / arresto;Conducente;F;Illeso;0;;Non accertato;Inesploso
2230881;1;16/12/2014 10:00;Strada Urbana;LUNGOTEVERE AVENTINO;da specificare;;;;intersezione largo a. petrucci;Tamponamento Multiplo;Curva a visuale libera;Una carreggiata a senso unico di marcia;Bagnato (pioggia);Asfaltata;Verticale ed orizzontale;Pioggia in atto;Normale;Buona;Ore Diurne;0;0;0;5;12.47913;41.88567;-1;1;Autocarro inferiore 35 q.;In marcia / fermata / arresto;Conducente;M;Illeso;0;;Non accertato;
2230881;1;16/12/2014 10:00;Strada Urbana;LUNGOTEVERE AVENTINO;da specificare;;;;intersezione largo a. petrucci;Tamponamento Multiplo;Curva a visuale libera;Una carreggiata a senso unico di marcia;Bagnato (pioggia);Asfaltata;Verticale ed orizzontale;Pioggia in atto;Normale;Buona;Ore Diurne;0;0;0;5;12.47913;41.88567;-1;1;Autocarro inferiore 35 q.;In marcia / fermata / arresto;Passeggero;M;Illeso;0;;Non accertato;
2230881;1;16/12/2014 10:00;Strada Urbana;LUNGOTEVERE AVENTINO;da specificare;;;;intersezione largo a. petrucci;Tamponamento Multiplo;Curva a visuale libera;Una carreggiata a senso unico di marcia;Bagnato (pioggia);Asfaltata;Verticale ed orizzontale;Pioggia in atto;Normale;Buona;Ore Diurne;0;0;0;5;12.47913;41.88567;-1;2;Autovettura privata;In marcia / fermata / arresto;Conducente;M;Illeso;0;;Non accertato;
2230881;1;16/12/2014 10:00;Strada Urbana;LUNGOTEVERE AVENTINO;da specificare;;;;intersezione largo a. petrucci;Tamponamento Multiplo;Curva a visuale libera;Una carreggiata a senso unico di marcia;Bagnato (pioggia);Asfaltata;Verticale ed orizzontale;Pioggia in atto;Normale;Buona;Ore Diurne;0;0;0;5;12.47913;41.88567;-1;2;Autovettura privata;In marcia / fermata / arresto;Passeggero;F;Illeso;0;;;
2230881;1;16/12/2014 10:00;Strada Urbana;LUNGOTEVERE AVENTINO;da specificare;;;;intersezione largo a. petrucci;Tamponamento Multiplo;Curva a visuale libera;Una carreggiata a senso unico di marcia;Bagnato (pioggia);Asfaltata;Verticale ed orizzontale;Pioggia in atto;Normale;Buona;Ore Diurne;0;0;0;5;12.47913;41.88567;-1;3;Autovettura privata;In marcia / fermata / arresto;Conducente;M;Illeso;0;;Non accertato;
2230886;4;16/12/2014 09:35;Strada Urbana;VIA STELVIO;in corrispondenza;;del civico n.;19;;Scontro laterale fra veicoli in marcia;Rettilineo;Una carreggiata a senso unico di marcia;Bagnato (pioggia);Asfaltata;Verticale ed orizzontale;Pioggia in atto;Intenso;Buona;Ore Diurne;0;0;0;4;12.53624;41.94187;-1;1;Autovettura privata;In marcia / fermata / arresto;Conducente;F;Illeso;0;;Non accertato;
2230886;4;16/12/2014 09:35;Strada Urbana;VIA STELVIO;in corrispondenza;;del civico n.;19;;Scontro laterale fra veicoli in marcia;Rettilineo;Una carreggiata a senso unico di marcia;Bagnato (pioggia);Asfaltata;Verticale ed orizzontale;Pioggia in atto;Intenso;Buona;Ore Diurne;0;0;0;4;12.53624;41.94187;-1;2;Autocarro inferiore 35 q.;In marcia / fermata / arresto;Conducente;M;Illeso;0;;Non accertato;
2230886;4;16/12/2014 09:35;Strada Urbana;VIA STELVIO;in corrispondenza;;del civico n.;19;;Scontro laterale fra veicoli in marcia;Rettilineo;Una carreggiata a senso unico di marcia;Bagnato (pioggia);Asfaltata;Verticale ed orizzontale;Pioggia in atto;Intenso;Buona;Ore Diurne;0;0;0;4;12.53624;41.94187;-1;2;Autocarro inferiore 35 q.;In marcia / fermata / arresto;Passeggero;M;Illeso;0;;Non accertato;
2230886;4;16/12/2014 09:35;Strada Urbana;VIA STELVIO;in corrispondenza;;del civico n.;19;;Scontro laterale fra veicoli in marcia;Rettilineo;Una carreggiata a senso unico di marcia;Bagnato (pioggia);Asfaltata;Verticale ed orizzontale;Pioggia in atto;Intenso;Buona;Ore Diurne;0;0;0;4;12.53624;41.94187;-1;2;Autocarro inferiore 35 q.;In marcia / fermata / arresto;Passeggero;M;Illeso;0;;Non accertato;
2230908;16;16/12/2014 15:00;Strada Urbana;LUNGOTEVERE DEGLI ARTIGIANI;all'intersezione con;VIA BARISANO DA TRANI;VIA BARISANO DA TRANI;;;Scontro frontale/laterale DX fra veicoli in marcia;Intersezione stradale segnalata;Due carreggiate;Asciutto;Asfaltata;Verticale ed orizzontale;Nuvoloso;Normale;Buona;Ore Diurne;0;0;0;2;12.4702;41.87384;-1;1;Autovettura privata;In marcia / fermata / arresto;Conducente;M;Illeso;0;;Non accertato;Inesploso
2230908;16;16/12/2014 15:00;Strada Urbana;LUNGOTEVERE DEGLI ARTIGIANI;all'intersezione con;VIA BARISANO DA TRANI;VIA BARISANO DA TRANI;;;Scontro frontale/laterale DX fra veicoli in marcia;Intersezione stradale segnalata;Due carreggiate;Asciutto;Asfaltata;Verticale ed orizzontale;Nuvoloso;Normale;Buona;Ore Diurne;0;0;0;2;12.4702;41.87384;-1;2;Autovettura privata;In marcia / fermata / arresto;Conducente;F;Illeso;0;;Non accertato;Inesploso
2230913;1;16/12/2014 08:55;Strada Urbana;VIA VENTI SETTEMBRE;in prossimità;;del civico n.;8;;Tamponamento;Rettilineo;Una carreggiata a doppio senso;Bagnato (pioggia);Asfaltata;Verticale ed orizzontale;Pioggia in atto;Normale;Buona;Ore Diurne;0;0;0;2;12.49217;41.90299;-1;1;Motociclo a solo;In marcia / fermata / arresto;Conducente;F;Illeso;0;;Non accertato;
2230913;1;16/12/2014 08:55;Strada Urbana;VIA VENTI SETTEMBRE;in prossimità;;del civico n.;8;;Tamponamento;Rettilineo;Una carreggiata a doppio senso;Bagnato (pioggia);Asfaltata;Verticale ed orizzontale;Pioggia in atto;Normale;Buona;Ore Diurne;0;0;0;2;12.49217;41.90299;-1;2;Autovettura privata;In marcia / fermata / arresto;Conducente;F;Illeso;0;;Non accertato;
2230917;8;16/12/2014 09:45;Strada Urbana;VIALE DI TORRE MAURA;in corrispondenza;;del palo luce n.;42;;Scontro laterale fra veicoli in marcia;Rettilineo;Due carreggiate;Bagnato (pioggia);Asfaltata;Verticale ed orizzontale;Pioggia in atto;Normale;Buona;Ore Diurne;0;0;0;3;12.59217;41.86022;-1;1;Autoarticolato;In marcia / fermata / arresto;Conducente;M;Illeso;0;;Non accertato;
2230917;8;16/12/2014 09:45;Strada Urbana;VIALE DI TORRE MAURA;in corrispondenza;;del palo luce n.;42;;Scontro laterale fra veicoli in marcia;Rettilineo;Due carreggiate;Bagnato (pioggia);Asfaltata;Verticale ed orizzontale;Pioggia in atto;Normale;Buona;Ore Diurne;0;0;0;3;12.59217;41.86022;-1;2;Autovettura privata;In marcia / fermata / arresto;Conducente;M;Illeso;0;;Non accertato;Inesploso
2230917;8;16/12/2014 09:45;Strada Urbana;VIALE DI TORRE MAURA;in corrispondenza;;del palo luce n.;42;;Scontro laterale fra veicoli in marcia;Rettilineo;Due carreggiate;Bagnato (pioggia);Asfaltata;Verticale ed orizzontale;Pioggia in atto;Normale;Buona;Ore Diurne;0;0;0;3;12.59217;41.86022;-1;2;Autovettura privata;In marcia / fermata / arresto;Passeggero;F;Illeso;0;;Non accertato;
2230919;4;16/12/2014 18:10;Strada Urbana;VIA VAL TROMPIA;all'intersezione con;VIA VAL SASSINA;VIA VAL SASSINA;;;Investimento di pedone;Incrocio;Una carreggiata a doppio senso;Bagnato (pioggia);Asfaltata;Verticale ed orizzontale;Nuvoloso;Normale;Sufficiente;Sufficiente;0;0;1;1;12.52739;41.93493;-1;;;;Pedone;F;Deceduto durante prime cure;-1;;;
2230919;4;16/12/2014 18:10;Strada Urbana;VIA VAL TROMPIA;all'intersezione con;VIA VAL SASSINA;VIA VAL SASSINA;;;Investimento di pedone;Incrocio;Una carreggiata a doppio senso;Bagnato (pioggia);Asfaltata;Verticale ed orizzontale;Nuvoloso;Normale;Sufficiente;Sufficiente;0;0;1;1;12.52739;41.93493;-1;1;Motociclo a solo;In marcia / fermata / arresto;Conducente;F;Illeso;0;;Non accertato;
2230920;8;16/12/2014 17:10;Statale entro l'abitato;VIA CASILINA;da specificare;;;;altezza cavalcavia gra;Tamponamento;Rettilineo;Una carreggiata a senso unico di marcia;Bagnato (pioggia);Asfaltata;Verticale ed orizzontale;Nuvoloso;Normale;Buona;Sufficiente;0;0;0;2;12.60177;41.86522;-1;1;Autovettura privata;In marcia / fermata / arresto;Conducente;M;Illeso;0;;Non accertato;Inesploso
2230920;8;16/12/2014 17:10;Statale entro l'abitato;VIA CASILINA;da specificare;;;;altezza cavalcavia gra;Tamponamento;Rettilineo;Una carreggiata a senso unico di marcia;Bagnato (pioggia);Asfaltata;Verticale ed orizzontale;Nuvoloso;Normale;Buona;Sufficiente;0;0;0;2;12.60177;41.86522;-1;2;Autovettura privata;In marcia / fermata / arresto;Conducente;M;Illeso;0;;Non accertato;Inesploso
2230922;16;16/12/2014 18:15;Strada Urbana;VIA DI MONTE VERDE;in corrispondenza;;del civico n.;65 b;;Veicolo in marcia contro veicolo fermo;Rettilineo;Una carreggiata a doppio senso;Bagnato (umidità in atto);Asfaltata;Verticale ed orizzontale;Nuvoloso;Normale;Buona;Sufficiente;0;0;0;2;12.44639;41.86971;-1;1;Autovettura privata;In marcia / fermata / arresto;Conducente;M;Illeso;0;;Non accertato;
2230922;16;16/12/2014 18:15;Strada Urbana;VIA DI MONTE VERDE;in corrispondenza;;del civico n.;65 b;;Veicolo in marcia contro veicolo fermo;Rettilineo;Una carreggiata a doppio senso;Bagnato (umidità in atto);Asfaltata;Verticale ed orizzontale;Nuvoloso;Normale;Buona;Sufficiente;0;0;0;2;12.44639;41.86971;-1;2;Autovettura privata;In marcia / fermata / arresto;Conducente;F;Illeso;0;;Non accertato;
2230923;3;16/12/2014 23:10;Strada Urbana;VIALE IPPOCRATE;in prossimità;;del civico n.;120;;Veicolo in marcia contro veicolo in sosta;Pendenza;Due carreggiate;Asciutto;Asfaltata;Verticale ed orizzontale;Sereno;Normale;Sufficiente;Sufficiente;0;0;0;1;12.51766;41.90716;-1;1;Autovettura privata;In marcia / fermata / arresto;Conducente;F;Illeso;0;;Non accertato;Inesploso
2230925;10;17/12/2014 08:40;Strada Urbana;VIA CARLO FADDA;in prossimità;;del civico n.;19;;Scontro frontale fra veicoli in marcia;Rettilineo;Una carreggiata a senso unico di marcia;Bagnato (brina);Asfaltata;Verticale;Sereno;Normale;Buona;Ore Diurne;0;0;0;2;12.57158;41.86072;-1;1;Veicolo speciale;In marcia / fermata / arresto;Conducente;F;Illeso;0;;Esente;Inesistente
2230925;10;17/12/2014 08:40;Strada Urbana;VIA CARLO FADDA;in prossimità;;del civico n.;19;;Scontro frontale fra veicoli in marcia;Rettilineo;Una carreggiata a senso unico di marcia;Bagnato (brina);Asfaltata;Verticale;Sereno;Normale;Buona;Ore Diurne;0;0;0;2;12.57158;41.86072;-1;2;Autobus di linea;In marcia / fermata / arresto;Conducente;M;Illeso;0;;Non accertato;Inesistente
2230926;12;15/12/2014 07:00;Strada Urbana;VIA CRISTOFORO COLOMBO;all'intersezione semaforizzata con;PIAZZALE VENTICINQUE MARZO 1957;PIAZZALE VENTICINQUE MARZO 1957;;;Tamponamento;Intersezione semaforizzata;Due carreggiate;Asciutto;Asfaltata;Verticale ed orizzontale;Nuvoloso;Normale;Buona;Ore Diurne;1;0;1;0;12.46298;41.81869;-1;1;Autovettura privata;In marcia / fermata / arresto;Conducente;M;Deceduto durante prime cure;-1;;;Esploso
2230926;12;15/12/2014 07:00;Strada Urbana;VIA CRISTOFORO COLOMBO;all'intersezione semaforizzata con;PIAZZALE VENTICINQUE MARZO 1957;PIAZZALE VENTICINQUE MARZO 1957;;;Tamponamento;Intersezione semaforizzata;Due carreggiate;Asciutto;Asfaltata;Verticale ed orizzontale;Nuvoloso;Normale;Buona;Ore Diurne;1;0;1;0;12.46298;41.81869;-1;2;Autovettura privata;In marcia / fermata / arresto;Conducente;M;Rimandato;0;NON DECEDUTO;Non accertato;Inesploso
2230929;7;17/12/2014 08:15;Strada Urbana;VIA GIORGIO PERLASCA;da specificare;;;;"Area parcheggio ""C.C. AUCHAN"" fronte civico 4/A";Scontro frontale/laterale SX fra veicoli in marcia;Rettilineo;Una carreggiata a doppio senso;Asciutto;Asfaltata;Assente;Sereno;Scarso;Buona;Ore Diurne;0;0;0;3;12.5668;41.90002;-1;1;Autovettura privata;In marcia / fermata / arresto;Conducente;M;Illeso;0;;;
2230929;7;17/12/2014 08:15;Strada Urbana;VIA GIORGIO PERLASCA;da specificare;;;;"Area parcheggio ""C.C. AUCHAN"" fronte civico 4/A";Scontro frontale/laterale SX fra veicoli in marcia;Rettilineo;Una carreggiata a doppio senso;Asciutto;Asfaltata;Assente;Sereno;Scarso;Buona;Ore Diurne;0;0;0;3;12.5668;41.90002;-1;1;Autovettura privata;In marcia / fermata / arresto;Passeggero;F;Illeso;0;;Non accertato;
2230929;7;17/12/2014 08:15;Strada Urbana;VIA GIORGIO PERLASCA;da specificare;;;;"Area parcheggio ""C.C. AUCHAN"" fronte civico 4/A";Scontro frontale/laterale SX fra veicoli in marcia;Rettilineo;Una carreggiata a doppio senso;Asciutto;Asfaltata;Assente;Sereno;Scarso;Buona;Ore Diurne;0;0;0;3;12.5668;41.90002;-1;2;Autocarro inferiore 35 q.;In marcia / fermata / arresto;Conducente;M;Illeso;0;;;
2230937;19;16/12/2014 07:20;Strada Urbana;VIA BRACCIANENSE;in prossimità;;della chilometrica;0.6;;Veicolo in marcia contro ostacolo fisso;Curva senza visuale libera;Una carreggiata a doppio senso;Bagnato (pioggia);Asfaltata;Assente;Nuvoloso;Normale;Sufficiente;Ore Diurne;0;0;0;2;12.30933;42.03633;-1;1;Autovettura privata;In marcia / fermata / arresto;Conducente;F;Illeso;0;;;
2230937;19;16/12/2014 07:20;Strada Urbana;VIA BRACCIANENSE;in prossimità;;della chilometrica;0.6;;Veicolo in marcia contro ostacolo fisso;Curva senza visuale libera;Una carreggiata a doppio senso;Bagnato (pioggia);Asfaltata;Assente;Nuvoloso;Normale;Sufficiente;Ore Diurne;0;0;0;2;12.30933;42.03633;-1;1;Autovettura privata;In marcia / fermata / arresto;Passeggero;F;Illeso;0;;;
2230949;11;17/12/2014 09:00;Strada Urbana;VIA GAETANO TREZZA;in corrispondenza;;del civico n.;32;;Tamponamento;Rettilineo;Una carreggiata a doppio senso;Bagnato (umidità in atto);Asfaltata;Verticale ed orizzontale;Sereno;Scarso;Buona;Ore Diurne;0;0;0;1;12.48461;41.84231;-1;1;Autocarro inferiore 35 q.;In marcia / fermata / arresto;Conducente;M;Illeso;0;;Non accertato;Inesploso