Protocollo;Gruppo;DataOraIncidente;Localizzazione1;STRADA1;Localizzazione2;STRADA2;Strada02;Chilometrica;DaSpecificare;NaturaIncidente;particolaritastrade;TipoStrada;FondoStradale;Pavimentazione;Segnaletica;CondizioneAtmosferica;Traffico;Visibilita;Illuminazione;NUM_FERITI;NUM_RISERVATA;NUM_MORTI;NUM_ILLESI;Longitudine;Latitudine;Confermato;Progressivo;TipoVeicolo;StatoVeicolo;TipoPersona;Sesso;Tipolesione;Deceduto;DecedutoDopo;CinturaCascoUtilizzato;Airbag
2232220;3;17/12/2014 15:50;Strada Urbana;VIA FRANCESCO REDI;all'intersezione con;VIA BARTOLOMEO EUSTACHIO;VIA BARTOLOMEO EUSTACHIO;;;Scontro laterale fra veicoli in marcia;Incrocio;Una carreggiata a senso unico di marcia;Asciutto;Asfaltata;Assente;Nuvoloso;Scarso;Buona;Ore Diurne;0;0;0;2;12.5093;41.91239;-1;2;Autovettura privata;In marcia / fermata / arresto;Conducente;F;Illeso;0;;Non accertato;Inesploso
2232221;4;17/12/2014 20:30;Strada Urbana;VIA ELSA DE' GIORGI;da specificare;;;;"in prossimità del distributore di carburanti ""ENI""";Tamponamento Multiplo;Rettilineo;Due carreggiate;Bagnato (pioggia);Strada pavimentata dissestata;Verticale ed orizzontale;Sereno;Normale;Buona;Sufficiente;0;0;0;5;12.49637;41.90278;-1;1;Autovettura privata;In marcia / fermata / arresto;Conducente;F;Illeso;0;;Non accertato;
2232221;4;17/12/2014 20:30;Strada Urbana;VIA ELSA DE' GIORGI;da specificare;;;;"in prossimità del distributore di carburanti ""ENI""";Tamponamento Multiplo;Rettilineo;Due carreggiate;Bagnato (pioggia);Strada pavimentata dissestata;Verticale ed orizzontale;Sereno;Normale;Buona;Sufficiente;0;0;0;5;12.49637;41.90278;-1;2;Autovettura privata;In marcia / fermata / arresto;Conducente;M;Illeso;0;;Non accertato;
2232221;4;17/12/2014 20:30;Strada Urbana;VIA ELSA DE' GIORGI;da specificare;;;;"in prossimità del distributore di carburanti ""ENI""";Tamponamento Multiplo;Rettilineo;Due carreggiate;Bagnato (pioggia);Strada pavimentata dissestata;Verticale ed orizzontale;Sereno;Normale;Buona;Sufficiente;0;0;0;5;12.49637;41.90278;-1;2;Autovettura privata;In marcia / fermata / arresto;Passeggero;M;Illeso;0;;Non accertato;Inesploso
2232221;4;17/12/2014 20:30;Strada Urbana;VIA ELSA DE' GIORGI;da specificare;;;;"in prossimità del distributore di carburanti ""ENI""";Tamponamento Multiplo;Rettilineo;Due carreggiate;Bagnato (pioggia);Strada pavimentata dissestata;Verticale ed orizzontale;Sereno;Normale;Buona;Sufficiente;0;0;0;5;12.49637;41.90278;-1;2;Autovettura privata;In marcia / fermata / arresto;Passeggero;M;Illeso;0;;Non accertato;Inesploso
2232221;4;17/12/2014 20:30;Strada Urbana;VIA ELSA DE' GIORGI;da specificare;;;;"in prossimità del distributore di carburanti ""ENI""";Tamponamento Multiplo;Rettilineo;Due carreggiate;Bagnato (pioggia);Strada pavimentata dissestata;Verticale ed orizzontale;Sereno;Normale;Buona;Sufficiente;0;0;0;5;12.49637;41.90278;-1;3;Autovettura privata;In marcia / fermata / arresto;Conducente;F;Illeso;0;;Non accertato;Inesploso
2232228;3;17/12/2014 22:25;Strada Urbana;VIA GREGORIO ALLEGRI;all'intersezione semaforizzata con;VIA PO;VIA PO;;;Scontro laterale fra veicoli in marcia;Intersezione semaforizzata;Una carreggiata a doppio senso;Asciutto;Asfaltata;Verticale ed orizzontale;Sereno;Scarso;Sufficiente;Sufficiente;0;0;0;3;12.49467;41.91514;-1;1;Autovettura pubblica;In marcia / fermata / arresto;Conducente;M;Illeso;0;;Non accertato;Inesploso
2232228;3;17/12/2014 22:25;Strada Urbana;VIA GREGORIO ALLEGRI;all'intersezione semaforizzata con;VIA PO;VIA PO;;;Scontro laterale fra veicoli in marcia;Intersezione semaforizzata;Una carreggiata a doppio senso;Asciutto;Asfaltata;Verticale ed orizzontale;Sereno;Scarso;Sufficiente;Sufficiente;0;0;0;3;12.49467;41.91514;-1;2;Autovettura privata;In marcia / fermata / arresto;Conducente;M;Illeso;0;;Non accertato;Inesploso
2232228;3;17/12/2014 22:25;Strada Urbana;VIA GREGORIO ALLEGRI;all'intersezione semaforizzata con;VIA PO;VIA PO;;;Scontro laterale fra veicoli in marcia;Intersezione semaforizzata;Una carreggiata a doppio senso;Asciutto;Asfaltata;Verticale ed orizzontale;Sereno;Scarso;Sufficiente;Sufficiente;0;0;0;3;12.49467;41.91514;-1;2;Autovettura privata;In marcia / fermata / arresto;Passeggero;M;Illeso;0;;Non accertato;Inesploso
2232229;20;17/12/2014 23:11;Strada Urbana;LUNGOTEVERE ARNALDO DA BRESCIA;all'intersezione semaforizzata con;PONTE GIACOMO MATTEOTTI;PONTE GIACOMO MATTEOTTI;;;Tamponamento;Intersezione semaforizzata;Due carreggiate;Asciutto;Asfaltata;Verticale ed orizzontale;Sereno;Normale;Buona;Sufficiente;1;0;0;1;12.47261;41.9123;-1;1;Autovettura privata;In marcia / fermata / arresto;Conducente;F;Illeso;0;;Non accertato;Inesploso
2232229;20;17/12/2014 23:11;Strada Urbana;LUNGOTEVERE ARNALDO DA BRESCIA;all'intersezione semaforizzata con;PONTE GIACOMO MATTEOTTI;PONTE GIACOMO MATTEOTTI;;;Tamponamento;Intersezione semaforizzata;Due carreggiate;Asciutto;Asfaltata;Verticale ed orizzontale;Sereno;Normale;Buona;Sufficiente;1;0;0;1;12.47261;41.9123;-1;2;Motociclo a solo;In marcia / fermata / arresto;Conducente;F;Rimandato;0;NON DECEDUTO;Non accertato;
2232230;4;17/12/2014 23:50;Strada Urbana;VIA DI VALLE MELAINA;all'intersezione semaforizzata con;VIA MONTE CERVIALTO;VIA MONTE CERVIALTO;;;Veicolo in marcia contro ostacolo accidentale;Intersezione semaforizzata;Due carreggiate;Viscido da liquidi oleosi;Asfaltata;Verticale ed orizzontale;Sereno;Normale;Buona;Sufficiente;1;0;0;1;12.52672;41.95031;-1;1;Motociclo con passeggero;In marcia / fermata / arresto;Conducente;M;Rifiuta cure immediate;0;NON DECEDUTO;Non accertato;
2232230;4;17/12/2014 23:50;Strada Urbana;VIA DI VALLE MELAINA;all'intersezione semaforizzata con;VIA MONTE CERVIALTO;VIA MONTE CERVIALTO;;;Veicolo in marcia contro ostacolo accidentale;Intersezione semaforizzata;Due carreggiate;Viscido da liquidi oleosi;Asfaltata;Verticale ed orizzontale;Sereno;Normale;Buona;Sufficiente;1;0;0;1;12.52672;41.95031;-1;1;Motociclo con passeggero;In marcia / fermata / arresto;Passeggero;M;Illeso;0;;Non accertato;
2232246;17;17/12/2014 00:01;Strada Urbana;VIA SABOTINO;all'intersezione con;VIA FULCIERI PAULUCCI DE CALBOLI;VIA FULCIERI PAULUCCI DE CALBOLI;;;Scontro frontale/laterale DX fra veicoli in marcia;Incrocio;Due carreggiate;Bagnato (pioggia);Asfaltata;Verticale ed orizzontale;Pioggia in atto;Scarso;Sufficiente;Sufficiente;0;0;0;2;12.46141;41.91637;-1;1;Autovettura privata;In marcia / fermata / arresto;Conducente;M;Illeso;0;;Non accertato;
2232246;17;17/12/2014 00:01;Strada Urbana;VIA SABOTINO;all'intersezione con;VIA FULCIERI PAULUCCI DE CALBOLI;VIA FULCIERI PAULUCCI DE CALBOLI;;;Scontro frontale/laterale DX fra veicoli in marcia;Incrocio;Due carreggiate;Bagnato (pioggia);Asfaltata;Verticale ed orizzontale;Pioggia in atto;Scarso;Sufficiente;Sufficiente;0;0;0;2;12.46141;41.91637;-1;2;Autovettura privata;In marcia / fermata / arresto;Conducente;F;Illeso;0;;Non accertato;
2232249;18;17/12/2014 19:00;Strada Urbana;VIA DI S. GEMMA;in prossimità;;del civico n.;34;;Scontro laterale fra veicoli in marcia;Curva senza visuale libera;Una carreggiata a doppio senso;Asciutto;Asfaltata;Orizzontale;Sereno;Scarso;Buona;Sufficiente;0;0;0;4;12.36692;41.92661;-1;1;Autovettura privata;In marcia / fermata / arresto;Conducente;F;Illeso;0;;;
2232249;18;17/12/2014 19:00;Strada Urbana;VIA DI S. GEMMA;in prossimità;;del civico n.;34;;Scontro laterale fra veicoli in marcia;Curva senza visuale libera;Una carreggiata a doppio senso;Asciutto;Asfaltata;Orizzontale;Sereno;Scarso;Buona;Sufficiente;0;0;0;4;12.36692;41.92661;-1;1;Autovettura privata;In marcia / fermata / arresto;Passeggero;F;Illeso;0;;Non accertato;Inesploso
2232249;18;17/12/2014 19:00;Strada Urbana;VIA DI S. GEMMA;in prossimità;;del civico n.;34;;Scontro laterale fra veicoli in marcia;Curva senza visuale libera;Una carreggiata a doppio senso;Asciutto;Asfaltata;Orizzontale;Sereno;Scarso;Buona;Sufficiente;0;0;0;4;12.36692;41.92661;-1;1;Autovettura privata;In marcia / fermata / arresto;Passeggero;F;Illeso;0;;Non accertato;Inesploso
2232249;18;17/12/2014 19:00;Strada Urbana;VIA DI S. GEMMA;in prossimità;;del civico n.;34;;Scontro laterale fra veicoli in marcia;Curva senza visuale libera;Una carreggiata a doppio senso;Asciutto;Asfaltata;Orizzontale;Sereno;Scarso;Buona;Sufficiente;0;0;0;4;12.36692;41.92661;-1;2;Autovettura privata;In marcia / fermata / arresto;Conducente;M;Illeso;0;;;
2232262;20;17/12/2014 17:45;Strada Urbana;LUNGOTEVERE MARESCIALLO DIAZ;da specificare;;;;Viale Ministero AA.EE. dir. Ponte Milvio;Scontro laterale fra veicoli in marcia;Rettilineo;Una carreggiata a doppio senso;Asciutto;Asfaltata;Assente;Sereno;Intenso;Buona;Sufficiente;0;0;0;2;12.46281;41.93447;-1;1;Autovettura privata;In marcia / fermata / arresto;Conducente;M;Illeso;0;;Non accertato;Inesploso
2232262;20;17/12/2014 17:45;Strada Urbana;LUNGOTEVERE MARESCIALLO DIAZ;da specificare;;;;Viale Ministero AA.EE. dir. Ponte Milvio;Scontro laterale fra veicoli in marcia;Rettilineo;Una carreggiata a doppio senso;Asciutto;Asfaltata;Assente;Sereno;Intenso;Buona;Sufficiente;0;0;0;2;12.46281;41.93447;-1;2;Autovettura privata;In marcia / fermata / arresto;Conducente;F;Illeso;0;;Non accertato;Inesploso
2232278;17;17/12/2014 14:30;Strada Urbana;LUNGOTEVERE MARESCIALLO CADORNA;all'intersezione con;VIA ROBERTO MORRA DI LAVRIANO;VIA ROBERTO MORRA DI LAVRIANO;;;Scontro laterale fra veicoli in marcia;Incrocio;Una carreggiata a senso unico di marcia;Asciutto;Asfaltata;Verticale ed orizzontale;Nuvoloso;Intenso;Buona;Ore Diurne;0;0;0;3;12.45735;41.92612;-1;1;Autovettura privata;In marcia / fermata / arresto;Conducente;M;Illeso;0;;Non accertato;
2232278;17;17/12/2014 14:30;Strada Urbana;LUNGOTEVERE MARESCIALLO CADORNA;all'intersezione con;VIA ROBERTO MORRA DI LAVRIANO;VIA ROBERTO MORRA DI LAVRIANO;;;Scontro laterale fra veicoli in marcia;Incrocio;Una carreggiata a senso unico di marcia;Asciutto;Asfaltata;Verticale ed orizzontale;Nuvoloso;Intenso;Buona;Ore Diurne;0;0;0;3;12.45735;41.92612;-1;1;Autovettura privata;In marcia / fermata / arresto;Passeggero;F;Illeso;0;;Non accertato;
2232278;17;17/12/2014 14:30;Strada Urbana;LUNGOTEVERE MARESCIALLO CADORNA;all'intersezione con;VIA ROBERTO MORRA DI LAVRIANO;VIA ROBERTO MORRA DI LAVRIANO;;;Scontro laterale fra veicoli in marcia;Incrocio;Una carreggiata a senso unico di marcia;Asciutto;Asfaltata;Verticale ed orizzontale;Nuvoloso;Intenso;Buona;Ore Diurne;0;0;0;3;12.45735;41.92612;-1;2;Motociclo a solo;In marcia / fermata / arresto;Conducente;M;Illeso;0;;Non accertato;
2232291;20;17/12/2014 19:00;Strada Urbana;VIA DEI DUE PONTI;all'intersezione con;VIA DELLA CRESCENZA;VIA DELLA CRESCENZA;;;Scontro frontale/laterale DX fra veicoli in marcia;Incrocio;Una carreggiata a doppio senso;Asciutto;Asfaltata;Orizzontale;Sereno;Scarso;Sufficiente;Sufficiente;0;0;0;3;12.45638;41.96448;-1;1;Autovettura privata;In marcia / fermata / arresto;Conducente;M;Illeso;0;;Non accertato;Inesploso
2232291;20;17/12/2014 19:00;Strada Urbana;VIA DEI DUE PONTI;all'intersezione con;VIA DELLA CRESCENZA;VIA DELLA CRESCENZA;;;Scontro frontale/laterale DX fra veicoli in marcia;Incrocio;Una carreggiata a doppio senso;Asciutto;Asfaltata;Orizzontale;Sereno;Scarso;Sufficiente;Sufficiente;0;0;0;3;12.45638;41.96448;-1;2;Autovettura privata;In marcia / fermata / arresto;Conducente;F;Illeso;0;;Non accertato;Inesploso
2232291;20;17/12/2014 19:00;Strada Urbana;VIA DEI DUE PONTI;all'intersezione con;VIA DELLA CRESCENZA;VIA DELLA CRESCENZA;;;Scontro frontale/laterale DX fra veicoli in marcia;Incrocio;Una carreggiata a doppio senso;Asciutto;Asfaltata;Orizzontale;Sereno;Scarso;Sufficiente;Sufficiente;0;0;0;3;12.45638;41.96448;-1;2;Autovettura privata;In marcia / fermata / arresto;Passeggero;M;Illeso;0;;Non accertato;Inesploso
2232299;9;18/12/2014 10:15;Strada Urbana;VIA APPIA NUOVA;all'intersezione semaforizzata con;VIA FALERIA;VIA FALERIA;;;Scontro frontale/laterale DX fra veicoli in marcia;Incrocio;Due carreggiate;Asciutto;Asfaltata;Verticale ed orizzontale;Sereno;Normale;Buona;Ore Diurne;1;0;0;2;12.51139;41.88393;-1;1;Autovettura privata;In marcia / fermata / arresto;Conducente;M;Illeso;0;;Non accertato;
2232299;9;18/12/2014 10:15;Strada Urbana;VIA APPIA NUOVA;all'intersezione semaforizzata con;VIA FALERIA;VIA FALERIA;;;Scontro frontale/laterale DX fra veicoli in marcia;Incrocio;Due carreggiate;Asciutto;Asfaltata;Verticale ed orizzontale;Sereno;Normale;Buona;Ore Diurne;1;0;0;2;12.51139;41.88393;-1;1;Autovettura privata;In marcia / fermata / arresto;Passeggero;M;Illeso;0;;Non accertato;
2232299;9;18/12/2014 10:15;Strada Urbana;VIA APPIA NUOVA;all'intersezione semaforizzata con;VIA FALERIA;VIA FALERIA;;;Scontro frontale/laterale DX fra veicoli in marcia;Incrocio;Due carreggiate;Asciutto;Asfaltata;Verticale ed orizzontale;Sereno;Normale;Buona;Ore Diurne;1;0;0;2;12.51139;41.88393;-1;2;Motociclo a solo;In marcia / fermata / arresto;Conducente;M;Rimandato;0;NON DECEDUTO;Non accertato;
2232304;20;17/12/2014 08:30;Strada Urbana;VIA CONCESIO;in prossimità;;del civico n.;21;;Scontro laterale fra veicoli in marcia;Curva senza visuale libera;Una carreggiata a doppio senso;Bagnato (umidità in atto);Asfaltata;Orizzontale;Sereno;Normale;Buona;Ore Diurne;1;0;0;1;12.48581;42.00323;-1;1;Motociclo a solo;In marcia / fermata / arresto;Conducente;M;Rifiuta cure immediate;0;NON DECEDUTO;;
2232304;20;17/12/2014 08:30;Strada Urbana;VIA CONCESIO;in prossimità;;del civico n.;21;;Scontro laterale fra veicoli in marcia;Curva senza visuale libera;Una carreggiata a doppio senso;Bagnato (umidità in atto);Asfaltata;Orizzontale;Sereno;Normale;Buona;Ore Diurne;1;0;0;1;12.48581;42.00323;-1;2;Autovettura privata;In marcia / fermata / arresto;Conducente;F;Illeso;0;;;
2232313;7;17/12/2014 14:50;Strada Urbana;VIA DEI CICLAMINI;in prossimità;;del civico n.;216;;Tamponamento;Rettilineo;Una carreggiata a doppio senso;Asciutto;Asfaltata;Orizzontale;Sereno;Scarso;Buona;Ore Diurne;0;0;0;3;12.56499;41.8945;-1;1;Autovettura privata;In marcia / fermata / arresto;Conducente;M;Illeso;0;;Non accertato;Inesploso
2232313;7;17/12/2014 14:50;Strada Urbana;VIA DEI CICLAMINI;in prossimità;;del civico n.;216;;Tamponamento;Rettilineo;Una carreggiata a doppio senso;Asciutto;Asfaltata;Orizzontale;Sereno;Scarso;Buona;Ore Diurne;0;0;0;3;12.56499;41.8945;-1;2;Autovettura privata;In marcia / fermata / arresto;Conducente;M;Illeso;0;;Non accertato;Inesploso
2232313;7;17/12/2014 14:50;Strada Urbana;VIA DEI CICLAMINI;in prossimità;;del civico n.;216;;Tamponamento;Rettilineo;Una carreggiata a doppio senso;Asciutto;Asfaltata;Orizzontale;Sereno;Scarso;Buona;Ore Diurne;0;0;0;3;12.56499;41.8945;-1;2;Autovettura privata;In marcia / fermata / arresto;Passeggero;M;Illeso;0;;Non accertato;Inesploso
2232314;19;17/12/2014 22:30;Strada Urbana;VIA TERESA GNOLI;in corrispondenza;;del civico n.;104;;Veicolo in marcia contro ostacolo fisso;Rettilineo;Una carreggiata a doppio senso;Bagnato (brina);Asfaltata;Assente;Sereno;Scarso;Sufficiente;Sufficiente;1;0;0;0;12.42063;41.94596;-1;1;Autovettura privata;In marcia / fermata / arresto;Conducente;M;Rimandato;0;NON DECEDUTO;;
2232316;17;17/12/2014 20:15;Strada Urbana;PIAZZA GIUSEPPE MAZZINI;all'intersezione con;VIALE GIUSEPPE MAZZINI;VIALE GIUSEPPE MAZZINI;;;Scontro frontale/laterale DX fra veicoli in marcia;Rotatoria;Due carreggiate;Asciutto;Asfaltata;Verticale ed orizzontale;Sereno;Scarso;Sufficiente;Sufficiente;0;0;0;4;12.46213;41.91561;-1;1;Autovettura privata;In marcia / fermata / arresto;Conducente;M;Illeso;0;;Non accertato;
2232316;17;17/12/2014 20:15;Strada Urbana;PIAZZA GIUSEPPE MAZZINI;all'intersezione con;VIALE GIUSEPPE MAZZINI;VIALE GIUSEPPE MAZZINI;;;Scontro frontale/laterale DX fra veicoli in marcia;Rotatoria;Due carreggiate;Asciutto;Asfaltata;Verticale ed orizzontale;Sereno;Scarso;Sufficiente;Sufficiente;0;0;0;4;12.46213;41.91561;-1;1;Autovettura privata;In marcia / fermata / arresto;Passeggero;F;Illeso;0;;Utilizzato;
2232316;17;17/12/2014 20:15;Strada Urbana;PIAZZA GIUSEPPE MAZZINI;all'intersezione con;VIALE GIUSEPPE MAZZINI;VIALE GIUSEPPE MAZZINI;;;Scontro frontale/laterale DX fra veicoli in marcia;Rotatoria;Due carreggiate;Asciutto;Asfaltata;Verticale ed orizzontale;Sereno;Scarso;Sufficiente;Sufficiente;0;0;0;4;12.46213;41.91561;-1;2;Autovettura privata;In marcia / fermata / arresto;Conducente;M;Illeso;0;;Non accertato;
2232316;17;17/12/2014 20:15;Strada Urbana;PIAZZA GIUSEPPE MAZZINI;all'intersezione con;VIALE GIUSEPPE MAZZINI;VIALE GIUSEPPE MAZZINI;;;Scontro frontale/laterale DX fra veicoli in marcia;Rotatoria;Due carreggiate;Asciutto;Asfaltata;Verticale ed orizzontale;Sereno;Scarso;Sufficiente;Sufficiente;0;0;0;4;12.46213;41.91561;-1;2;Autovettura privata;In marcia / fermata / arresto;Passeggero;F;Illeso;0;;Non accertato;
2232327;2;17/12/2014 09:30;Strada Urbana;LARGO ANTONIO SARTI;all'intersezione con;VIA CESARE FRACASSINI;VIA CESARE FRACASSINI;;;Veicolo in marcia contro veicolo arresto;Incrocio;Una carreggiata a doppio senso;Asciutto;Asfaltata;Verticale ed orizzontale;Sereno;Normale;Buona;Ore Diurne;0;0;0;3;12.46841;41.92343;-1;1;Motociclo a solo;In marcia / fermata / arresto;Conducente;M;Illeso;0;;;
2232327;2;17/12/2014 09:30;Strada Urbana;LARGO ANTONIO SARTI;all'intersezione con;VIA CESARE FRACASSINI;VIA CESARE FRACASSINI;;;Veicolo in marcia contro veicolo arresto;Incrocio;Una carreggiata a doppio senso;Asciutto;Asfaltata;Verticale ed orizzontale;Sereno;Normale;Buona;Ore Diurne;0;0;0;3;12.46841;41.92343;-1;2;Motociclo a solo;In marcia / fermata / arresto;Conducente;F;Illeso;0;;;
2232327;2;17/12/2014 09:30;Strada Urbana;LARGO ANTONIO SARTI;all'intersezione con;VIA CESARE FRACASSINI;VIA CESARE FRACASSINI;;;Veicolo in marcia contro veicolo arresto;Incrocio;Una carreggiata a doppio senso;Asciutto;Asfaltata;Verticale ed orizzontale;Sereno;Normale;Buona;Ore Diurne;0;0;0;3;12.46841;41.92343;-1;3;Autovettura privata;In marcia / fermata / arresto;Conducente;M;Illeso;0;;;
2232331;2;17/12/2014 09:40;Strada Urbana;VIALE BRUNO BUOZZI;all'intersezione semaforizzata con;VIA GIOVANNI SCHIAPARELLI;VIA GIOVANNI SCHIAPARELLI;;;Scontro frontale/laterale DX fra veicoli in marcia;Incrocio;Una carreggiata a doppio senso;Asciutto;Asfaltata;Verticale ed orizzontale;Sereno;Normale;Buona;Ore Diurne;1;0;0;2;12.48181;41.92155;-1;1;Autovettura privata;In marcia / fermata / arresto;Conducente;M;Illeso;0;;Non accertato;Inesploso
2232331;2;17/12/2014 09:40;Strada Urbana;VIALE BRUNO BUOZZI;all'intersezione semaforizzata con;VIA GIOVANNI SCHIAPARELLI;VIA GIOVANNI SCHIAPARELLI;;;Scontro frontale/laterale DX fra veicoli in marcia;Incrocio;Una carreggiata a doppio senso;Asciutto;Asfaltata;Verticale ed orizzontale;Sereno;Normale;Buona;Ore Diurne;1;0;0;2;12.48181;41.92155;-1;1;Autovettura privata;In marcia / fermata / arresto;Passeggero;M;Illeso;0;;Non accertato;Inesploso
2232331;2;17/12/2014 09:40;Strada Urbana;VIALE BRUNO BUOZZI;all'intersezione semaforizzata con;VIA GIOVANNI SCHIAPARELLI;VIA GIOVANNI SCHIAPARELLI;;;Scontro frontale/laterale DX fra veicoli in marcia;Incrocio;Una carreggiata a doppio senso;Asciutto;Asfaltata;Verticale ed orizzontale;Sereno;Normale;Buona;Ore Diurne;1;0;0;2;12.48181;41.92155;-1;2;Autovettura privata;In marcia / fermata / arresto;Conducente;M;Rifiuta cure immediate;0;NON DECEDUTO;Non accertato;Inesploso
2232333;17;17/12/2014 21:15;Strada Urbana;VIA CASSIODORO;in prossimità;;del civico n.;15;;Scontro laterale fra veicoli in marcia;Rettilineo;Una carreggiata a senso unico di marcia;Asciutto;Asfaltata;Verticale ed orizzontale;Sereno;Scarso;Sufficiente;Sufficiente;0;0;0;3;12.46523;41.90612;-1;1;Autovettura privata;In marcia / fermata / arresto;Conducente;F;Illeso;0;;Non accertato;
2232333;17;17/12/2014 21:15;Strada Urbana;VIA CASSIODORO;in prossimità;;del civico n.;15;;Scontro laterale fra veicoli in marcia;Rettilineo;Una carreggiata a senso unico di marcia;Asciutto;Asfaltata;Verticale ed orizzontale;Sereno;Scarso;Sufficiente;Sufficiente;0;0;0;3;12.46523;41.90612;-1;1;Autovettura privata;In marcia / fermata / arresto;Passeggero;M;Illeso;0;;Non accertato;
2232333;17;17/12/2014 21:15;Strada Urbana;VIA CASSIODORO;in prossimità;;del civico n.;15;;Scontro laterale fra veicoli in marcia;Rettilineo;Una carreggiata a senso unico di marcia;Asciutto;Asfaltata;Verticale ed orizzontale;Sereno;Scarso;Sufficiente;Sufficiente;0;0;0;3;12.46523;41.90612;-1;2;Autovettura privata;In marcia / fermata / arresto;Conducente;F;Illeso;0;;Non accertato;
2232335;2;17/12/2014 10:10;Strada Urbana;VIA TRIPOLITANIA;all'intersezione con;VIA DIRE DAUA;VIA DIRE DAUA;;;Ribaltamento senza urto contro ostacolo fisso;Intersezione stradale segnalata;Una carreggiata a senso unico di marcia;Asciutto;Asfaltata;Verticale ed orizzontale;Sereno;Normale;Buona;Ore Diurne;1;0;0;0;12.51894;41.92966;-1;1;Motociclo a solo;In marcia / fermata / arresto;Conducente;M;Rimandato;0;NON DECEDUTO;Non accertato;
2232388;7;17/12/2014 21:00;Strada Urbana;VIA COLLATINA;in prossimità;;del civico n.;413;;Tamponamento;Rettilineo;Una carreggiata a doppio senso;Asciutto;Asfaltata;Verticale ed orizzontale;Sereno;Normale;Buona;Sufficiente;0;0;0;2;12.6083;41.90496;-1;1;Autovettura privata;In marcia / fermata / arresto;Conducente;M;Illeso;0;;Non accertato;Inesploso
2232388;7;17/12/2014 21:00;Strada Urbana;VIA COLLATINA;in prossimità;;del civico n.;413;;Tamponamento;Rettilineo;Una carreggiata a doppio senso;Asciutto;Asfaltata;Verticale ed orizzontale;Sereno;Normale;Buona;Sufficiente;0;0;0;2;12.6083;41.90496;-1;2;Autovettura privata;In marcia / fermata / arresto;Conducente;M;Illeso;0;;Non accertato;Inesploso
2232392;12;17/12/2014 13:10;Strada Urbana;VIALE DELL'OCEANO PACIFICO;in corrispondenza;;del civico n.;9;;Scontro laterale fra veicoli in marcia;Rettilineo;Una carreggiata a doppio senso;Asciutto;Asfaltata;Verticale ed orizzontale;Sereno;Intenso;Buona;Ore Diurne;0;0;0;2;12.46188;41.81899;-1;1;Autocarro inferiore 35 q.;In marcia / fermata / arresto;Conducente;M;Illeso;0;;Utilizzato;Inesploso
2232392;12;17/12/2014 13:10;Strada Urbana;VIALE DELL'OCEANO PACIFICO;in corrispondenza;;del civico n.;9;;Scontro laterale fra veicoli in marcia;Rettilineo;Una carreggiata a doppio senso;Asciutto;Asfaltata;Verticale ed orizzontale;Sereno;Intenso;Buona;Ore Diurne;0;0;0;2;12.46188;41.81899;-1;2;Autovettura privata;In marcia / fermata / arresto;Conducente;F;Illeso;0;;Utilizzato;Inesploso
2232410;13;18/12/2014 10:00;Strada Urbana;VIALE PAOLO ORLANDO;all'intersezione con;VIA GAETANO CHIERCHIA;VIA GAETANO CHIERCHIA;;;Investimento di pedone;Incrocio;Una carreggiata a doppio senso;Asciutto;Asfaltata;Verticale ed orizzontale;Sereno;Normale;Buona;Ore Diurne;1;0;0;1;12.28541;41.73118;-1;;;;Pedone;F;Rimandato;0;NON DECEDUTO;;
2232410;13;18/12/2014 10:00;Strada Urbana;VIALE PAOLO ORLANDO;all'intersezione con;VIA GAETANO CHIERCHIA;VIA GAETANO CHIERCHIA;;;Investimento di pedone;Incrocio;Una carreggiata a doppio senso;Asciutto;Asfaltata;Verticale ed orizzontale;Sereno;Normale;Buona;Ore Diurne;1;0;0;1;12.28541;41.73118;-1;1;Autovettura privata;In marcia / fermata / arresto;Conducente;M;Illeso;0;;Non accertato;Inesploso
2232416;11;18/12/2014 12:20;Strada Urbana;VIA CRISTOFORO COLOMBO;all'intersezione semaforizzata con;VIA COSTANTINO;VIA COSTANTINO;;;Tamponamento Multiplo;Intersezione semaforizzata;Più di due carreggiate;Asciutto;Asfaltata;Verticale ed orizzontale;Sereno;Intenso;Buona;Ore Diurne;1;0;0;4;12.49053;41.85455;-1;1;Autoambulanza;In marcia / fermata / arresto;Passeggero;F;Illeso;0;;Non accertato;Inesploso
2232416;11;18/12/2014 12:20;Strada Urbana;VIA CRISTOFORO COLOMBO;all'intersezione semaforizzata con;VIA COSTANTINO;VIA COSTANTINO;;;Tamponamento Multiplo;Intersezione semaforizzata;Più di due carreggiate;Asciutto;Asfaltata;Verticale ed orizzontale;Sereno;Intenso;Buona;Ore Diurne;1;0;0;4;12.49053;41.85455;-1;1;Autoambulanza;In marcia / fermata / arresto;Passeggero;F;Illeso;0;;Non accertato;Inesploso
2232416;11;18/12/2014 12:20;Strada Urbana;VIA CRISTOFORO COLOMBO;all'intersezione semaforizzata con;VIA COSTANTINO;VIA COSTANTINO;;;Tamponamento Multiplo;Intersezione semaforizzata;Più di due carreggiate;Asciutto;Asfaltata;Verticale ed orizzontale;Sereno;Intenso;Buona;Ore Diurne;1;0;0;4;12.49053;41.85455;-1;1;Autoambulanza;In marcia / fermata / arresto;Conducente;M;Illeso;0;;Non accertato;Inesploso
2232416;11;18/12/2014 12:20;Strada Urbana;VIA CRISTOFORO COLOMBO;all'intersezione semaforizzata con;VIA COSTANTINO;VIA COSTANTINO;;;Tamponamento Multiplo;Intersezione semaforizzata;Più di due carreggiate;Asciutto;Asfaltata;Verticale ed orizzontale;Sereno;Intenso;Buona;Ore Diurne;1;0;0;4;12.49053;41.85455;-1;2;Autovettura privata;In marcia / fermata / arresto;Conducente;M;Illeso;0;;Non accertato;Inesploso