Protocollo;Gruppo;DataOraIncidente;Localizzazione1;STRADA1;Localizzazione2;STRADA2;Strada02;Chilometrica;DaSpecificare;NaturaIncidente;particolaritastrade;TipoStrada;FondoStradale;Pavimentazione;Segnaletica;CondizioneAtmosferica;Traffico;Visibilita;Illuminazione;NUM_FERITI;NUM_RISERVATA;NUM_MORTI;NUM_ILLESI;Longitudine;Latitudine;Confermato;Progressivo;TipoVeicolo;StatoVeicolo;TipoPersona;Sesso;Tipolesione;Deceduto;DecedutoDopo;CinturaCascoUtilizzato;Airbag
2236820;17;22/12/2014 19:35;Strada Urbana;PIAZZA DEL SANT'UFFIZIO;in corrispondenza;;del civico n.;11;;Investimento di pedone;Curva a visuale libera;Una carreggiata a senso unico di marcia;Asciutto;Acciotolata;Assente;Sereno;Scarso;Sufficiente;Sufficiente;1;0;0;1;12.45659;41.90055;-1;1;Autovettura privata;In marcia / fermata / arresto;Conducente;M;Illeso;0;;Non accertato;Inesploso
2236823;17;22/12/2014 13:50;Strada Urbana;VIA ANDREA DORIA;in prossimità;;del civico n.;58;;Investimento di pedone;Rettilineo;Una carreggiata a doppio senso;Asciutto;Asfaltata;Verticale ed orizzontale;Sereno;Normale;Buona;Ore Diurne;2;0;0;0;12.45031;41.90931;-1;;;;Pedone;F;Rimandato;0;NON DECEDUTO;;
2236823;17;22/12/2014 13:50;Strada Urbana;VIA ANDREA DORIA;in prossimità;;del civico n.;58;;Investimento di pedone;Rettilineo;Una carreggiata a doppio senso;Asciutto;Asfaltata;Verticale ed orizzontale;Sereno;Normale;Buona;Ore Diurne;2;0;0;0;12.45031;41.90931;-1;1;Motociclo a solo;In marcia / fermata / arresto;Conducente;F;Rimandato;0;NON DECEDUTO;;
2236843;1;21/12/2014 09:05;Strada Urbana;LUNGOTEVERE MARZIO;in prossimità;;del civico n.;14;;Tamponamento;Curva a visuale libera;Una carreggiata a senso unico di marcia;Asciutto;Asfaltata;Verticale ed orizzontale;Sereno;Scarso;Buona;Ore Diurne;1;0;0;1;12.47373;41.90295;-1;1;Autovettura privata;In marcia / fermata / arresto;Conducente;F;Illeso;0;;Non accertato;Inesploso
2236843;1;21/12/2014 09:05;Strada Urbana;LUNGOTEVERE MARZIO;in prossimità;;del civico n.;14;;Tamponamento;Curva a visuale libera;Una carreggiata a senso unico di marcia;Asciutto;Asfaltata;Verticale ed orizzontale;Sereno;Scarso;Buona;Ore Diurne;1;0;0;1;12.47373;41.90295;-1;2;Motociclo a solo;In marcia / fermata / arresto;Conducente;F;Rifiuta cure immediate;0;NON DECEDUTO;Non accertato;
2236854;20;22/12/2014 11:45;Strada Urbana;VIA MASTRO GABRIELLO;in corrispondenza;;del civico n.;42;;Tamponamento;Rettilineo;Una carreggiata a senso unico di marcia;Asciutto;Asfaltata;Verticale ed orizzontale;Sereno;Scarso;Sufficiente;Ore Diurne;0;0;0;2;12.48599;41.99292;-1;1;Autovettura privata;In marcia / fermata / arresto;Conducente;F;Illeso;0;;;
2236854;20;22/12/2014 11:45;Strada Urbana;VIA MASTRO GABRIELLO;in corrispondenza;;del civico n.;42;;Tamponamento;Rettilineo;Una carreggiata a senso unico di marcia;Asciutto;Asfaltata;Verticale ed orizzontale;Sereno;Scarso;Sufficiente;Ore Diurne;0;0;0;2;12.48599;41.99292;-1;2;Autovettura privata;In marcia / fermata / arresto;Conducente;F;Illeso;0;;;
2236864;4;22/12/2014 15:20;Provinciale entro l'abitato;VIA NOMENTANA;da specificare;;;;in corrispondenza di Ponte Tazio;Scontro frontale/laterale SX fra veicoli in marcia;Rettilineo;Una carreggiata a doppio senso;Asciutto;Asfaltata;Verticale;Sereno;Intenso;Buona;Ore Diurne;0;0;0;3;12.506;41.83561;-1;1;Autovettura privata;In marcia / fermata / arresto;Conducente;F;Illeso;0;;Non accertato;Inesploso
2236864;4;22/12/2014 15:20;Provinciale entro l'abitato;VIA NOMENTANA;da specificare;;;;in corrispondenza di Ponte Tazio;Scontro frontale/laterale SX fra veicoli in marcia;Rettilineo;Una carreggiata a doppio senso;Asciutto;Asfaltata;Verticale;Sereno;Intenso;Buona;Ore Diurne;0;0;0;3;12.506;41.83561;-1;2;Motociclo a solo;In marcia / fermata / arresto;Conducente;M;Illeso;0;;Non accertato;
2236864;4;22/12/2014 15:20;Provinciale entro l'abitato;VIA NOMENTANA;da specificare;;;;in corrispondenza di Ponte Tazio;Scontro frontale/laterale SX fra veicoli in marcia;Rettilineo;Una carreggiata a doppio senso;Asciutto;Asfaltata;Verticale;Sereno;Intenso;Buona;Ore Diurne;0;0;0;3;12.506;41.83561;-1;3;Motociclo a solo;In marcia / fermata / arresto;Conducente;M;Illeso;0;;Non accertato;
2236871;11;23/12/2014 09:45;Strada Urbana;VIALE GIUSTINIANO IMPERATORE;in corrispondenza;;del civico n.;151;;Scontro laterale fra veicoli in marcia;Rettilineo;Due carreggiate;Asciutto;Asfaltata;Verticale ed orizzontale;Nuvoloso;Normale;Buona;Ore Diurne;1;0;0;1;12.48372;41.85613;-1;1;Autovettura privata;In marcia / fermata / arresto;Conducente;F;Illeso;0;;Non accertato;
2236871;11;23/12/2014 09:45;Strada Urbana;VIALE GIUSTINIANO IMPERATORE;in corrispondenza;;del civico n.;151;;Scontro laterale fra veicoli in marcia;Rettilineo;Due carreggiate;Asciutto;Asfaltata;Verticale ed orizzontale;Nuvoloso;Normale;Buona;Ore Diurne;1;0;0;1;12.48372;41.85613;-1;2;Motociclo a solo;In marcia / fermata / arresto;Conducente;M;Rifiuta cure immediate;0;NON DECEDUTO;Non accertato;
2236872;1;20/12/2014 17:10;Strada Urbana;VIA DELLE BOTTEGHE OSCURE;all'intersezione con;VIA CELSA;VIA CELSA;;;Scontro frontale/laterale SX fra veicoli in marcia;Incrocio;Una carreggiata a senso unico di marcia;Asciutto;Asfaltata;Verticale ed orizzontale;Nuvoloso;Normale;Sufficiente;Sufficiente;1;0;0;1;12.47738;41.89492;-1;1;Vettura tranviaria;In marcia / fermata / arresto;Conducente;M;Illeso;0;;Esente;
2236872;1;20/12/2014 17:10;Strada Urbana;VIA DELLE BOTTEGHE OSCURE;all'intersezione con;VIA CELSA;VIA CELSA;;;Scontro frontale/laterale SX fra veicoli in marcia;Incrocio;Una carreggiata a senso unico di marcia;Asciutto;Asfaltata;Verticale ed orizzontale;Nuvoloso;Normale;Sufficiente;Sufficiente;1;0;0;1;12.47738;41.89492;-1;2;Motociclo a solo;In marcia / fermata / arresto;Conducente;M;Rimandato;0;NON DECEDUTO;Non accertato;
2236877;12;21/12/2014 16:50;Strada Urbana;VIALE UMBERTO TUPINI;da specificare;;;;fronte civico 96;Scontro laterale fra veicoli in marcia;Rettilineo;Una carreggiata a doppio senso;Asciutto;Asfaltata;Orizzontale;Sereno;Normale;Buona;Sufficiente;0;0;0;6;12.46184;41.83276;-1;1;Autovettura privata;In marcia / fermata / arresto;Conducente;F;Illeso;0;;Non accertato;Inesploso
2236877;12;21/12/2014 16:50;Strada Urbana;VIALE UMBERTO TUPINI;da specificare;;;;fronte civico 96;Scontro laterale fra veicoli in marcia;Rettilineo;Una carreggiata a doppio senso;Asciutto;Asfaltata;Orizzontale;Sereno;Normale;Buona;Sufficiente;0;0;0;6;12.46184;41.83276;-1;1;Autovettura privata;In marcia / fermata / arresto;Passeggero;F;Illeso;0;;Non accertato;Inesploso
2236877;12;21/12/2014 16:50;Strada Urbana;VIALE UMBERTO TUPINI;da specificare;;;;fronte civico 96;Scontro laterale fra veicoli in marcia;Rettilineo;Una carreggiata a doppio senso;Asciutto;Asfaltata;Orizzontale;Sereno;Normale;Buona;Sufficiente;0;0;0;6;12.46184;41.83276;-1;1;Autovettura privata;In marcia / fermata / arresto;Passeggero;F;Illeso;0;;Non accertato;Inesploso
2236877;12;21/12/2014 16:50;Strada Urbana;VIALE UMBERTO TUPINI;da specificare;;;;fronte civico 96;Scontro laterale fra veicoli in marcia;Rettilineo;Una carreggiata a doppio senso;Asciutto;Asfaltata;Orizzontale;Sereno;Normale;Buona;Sufficiente;0;0;0;6;12.46184;41.83276;-1;2;Autovettura privata;In marcia / fermata / arresto;Conducente;M;Illeso;0;;Non accertato;Inesploso
2236877;12;21/12/2014 16:50;Strada Urbana;VIALE UMBERTO TUPINI;da specificare;;;;fronte civico 96;Scontro laterale fra veicoli in marcia;Rettilineo;Una carreggiata a doppio senso;Asciutto;Asfaltata;Orizzontale;Sereno;Normale;Buona;Sufficiente;0;0;0;6;12.46184;41.83276;-1;2;Autovettura privata;In marcia / fermata / arresto;Passeggero;M;Illeso;0;;Non accertato;Inesploso
2236877;12;21/12/2014 16:50;Strada Urbana;VIALE UMBERTO TUPINI;da specificare;;;;fronte civico 96;Scontro laterale fra veicoli in marcia;Rettilineo;Una carreggiata a doppio senso;Asciutto;Asfaltata;Orizzontale;Sereno;Normale;Buona;Sufficiente;0;0;0;6;12.46184;41.83276;-1;2;Autovettura privata;In marcia / fermata / arresto;Passeggero;M;Illeso;0;;Non accertato;Inesploso
2236883;8;22/12/2014 19:10;Strada Urbana;VIA POLENSE;da specificare;;;;altezza Sant' Elpidio a Mare;Tamponamento Multiplo;Rettilineo;Una carreggiata a doppio senso;Asciutto;Asfaltata;Orizzontale;Sereno;Normale;Buona;Sufficiente;3;0;0;2;12.73107;41.91322;-1;1;Autovettura privata;In marcia / fermata / arresto;Conducente;M;Illeso;0;;Non accertato;Inesploso
2236883;8;22/12/2014 19:10;Strada Urbana;VIA POLENSE;da specificare;;;;altezza Sant' Elpidio a Mare;Tamponamento Multiplo;Rettilineo;Una carreggiata a doppio senso;Asciutto;Asfaltata;Orizzontale;Sereno;Normale;Buona;Sufficiente;3;0;0;2;12.73107;41.91322;-1;2;Autovettura privata;In marcia / fermata / arresto;Conducente;F;Rimandato;0;NON DECEDUTO;Non accertato;Inesploso
2236883;8;22/12/2014 19:10;Strada Urbana;VIA POLENSE;da specificare;;;;altezza Sant' Elpidio a Mare;Tamponamento Multiplo;Rettilineo;Una carreggiata a doppio senso;Asciutto;Asfaltata;Orizzontale;Sereno;Normale;Buona;Sufficiente;3;0;0;2;12.73107;41.91322;-1;3;Autovettura privata;In marcia / fermata / arresto;Conducente;M;Rimandato;0;NON DECEDUTO;Non accertato;
2236883;8;22/12/2014 19:10;Strada Urbana;VIA POLENSE;da specificare;;;;altezza Sant' Elpidio a Mare;Tamponamento Multiplo;Rettilineo;Una carreggiata a doppio senso;Asciutto;Asfaltata;Orizzontale;Sereno;Normale;Buona;Sufficiente;3;0;0;2;12.73107;41.91322;-1;3;Autovettura privata;In marcia / fermata / arresto;Passeggero;F;Rimandato;0;NON DECEDUTO;Non accertato;
2236883;8;22/12/2014 19:10;Strada Urbana;VIA POLENSE;da specificare;;;;altezza Sant' Elpidio a Mare;Tamponamento Multiplo;Rettilineo;Una carreggiata a doppio senso;Asciutto;Asfaltata;Orizzontale;Sereno;Normale;Buona;Sufficiente;3;0;0;2;12.73107;41.91322;-1;4;Autovettura privata;In marcia / fermata / arresto;Conducente;M;Illeso;0;;;Esploso
2236887;3;22/12/2014 12:50;Strada Urbana;tangenziale / est dir. salaria;da specificare;;;;in pross.tà svincolo uscita per Scalo San Lorenzo;Tamponamento;Curva a visuale libera;Più di due carreggiate;Asciutto;Asfaltata;Verticale ed orizzontale;Sereno;Intenso;Buona;Ore Diurne;2;0;0;0;12.51919;41.89652;-1;1;Autovettura privata;In marcia / fermata / arresto;Conducente;F;Rimandato;0;NON DECEDUTO;Non accertato;Inesploso
2236887;3;22/12/2014 12:50;Strada Urbana;tangenziale / est dir. salaria;da specificare;;;;in pross.tà svincolo uscita per Scalo San Lorenzo;Tamponamento;Curva a visuale libera;Più di due carreggiate;Asciutto;Asfaltata;Verticale ed orizzontale;Sereno;Intenso;Buona;Ore Diurne;2;0;0;0;12.51919;41.89652;-1;2;Autovettura privata;In marcia / fermata / arresto;Conducente;F;Rimandato;0;NON DECEDUTO;Non accertato;Inesploso
2236893;2;22/12/2014 11:40;Strada Urbana;VIALE BRUNO BUOZZI;in corrispondenza;;del civico n.;3;;Scontro frontale/laterale SX fra veicoli in marcia;Curva senza visuale libera;Una carreggiata a doppio senso;Asciutto;Asfaltata;Verticale ed orizzontale;Sereno;Normale;Buona;Ore Diurne;1;0;0;2;12.48879;41.92139;-1;1;Autovettura privata;In marcia / fermata / arresto;Conducente;M;Illeso;0;;;
2236893;2;22/12/2014 11:40;Strada Urbana;VIALE BRUNO BUOZZI;in corrispondenza;;del civico n.;3;;Scontro frontale/laterale SX fra veicoli in marcia;Curva senza visuale libera;Una carreggiata a doppio senso;Asciutto;Asfaltata;Verticale ed orizzontale;Sereno;Normale;Buona;Ore Diurne;1;0;0;2;12.48879;41.92139;-1;1;Autovettura privata;In marcia / fermata / arresto;Passeggero;F;Illeso;0;;;
2236893;2;22/12/2014 11:40;Strada Urbana;VIALE BRUNO BUOZZI;in corrispondenza;;del civico n.;3;;Scontro frontale/laterale SX fra veicoli in marcia;Curva senza visuale libera;Una carreggiata a doppio senso;Asciutto;Asfaltata;Verticale ed orizzontale;Sereno;Normale;Buona;Ore Diurne;1;0;0;2;12.48879;41.92139;-1;2;Motociclo a solo;In marcia / fermata / arresto;Conducente;M;Rimandato;0;NON DECEDUTO;;
2236895;12;21/12/2014 17:45;Strada Urbana;VIALE CAMILLO SABATINI;in corrispondenza;;del civico n.;111;;Veicolo in marcia contro ostacolo fisso;Rettilineo;Una carreggiata a doppio senso;Asciutto;Asfaltata;Verticale ed orizzontale;Sereno;Intenso;Buona;Ore Diurne;0;0;0;2;12.44146;41.8193;-1;1;Autovettura privata;In marcia / fermata / arresto;Conducente;M;Illeso;0;;Non accertato;Inesploso
2236895;12;21/12/2014 17:45;Strada Urbana;VIALE CAMILLO SABATINI;in corrispondenza;;del civico n.;111;;Veicolo in marcia contro ostacolo fisso;Rettilineo;Una carreggiata a doppio senso;Asciutto;Asfaltata;Verticale ed orizzontale;Sereno;Intenso;Buona;Ore Diurne;0;0;0;2;12.44146;41.8193;-1;1;Autovettura privata;In marcia / fermata / arresto;Passeggero;F;Illeso;0;;Utilizzato;Inesploso
2236897;2;22/12/2014 21:30;Strada Urbana;VIA NIZZA;all'intersezione con;VIA MANTOVA;VIA MANTOVA;;;Scontro frontale/laterale SX fra veicoli in marcia;Incrocio;Una carreggiata a doppio senso;Asciutto;Asfaltata;Verticale ed orizzontale;Sereno;Scarso;Buona;Sufficiente;0;0;0;4;12.5013;41.91292;-1;1;Autovettura privata;In marcia / fermata / arresto;Conducente;F;Illeso;0;;Non accertato;Inesploso
2236897;2;22/12/2014 21:30;Strada Urbana;VIA NIZZA;all'intersezione con;VIA MANTOVA;VIA MANTOVA;;;Scontro frontale/laterale SX fra veicoli in marcia;Incrocio;Una carreggiata a doppio senso;Asciutto;Asfaltata;Verticale ed orizzontale;Sereno;Scarso;Buona;Sufficiente;0;0;0;4;12.5013;41.91292;-1;1;Autovettura privata;In marcia / fermata / arresto;Passeggero;F;Illeso;0;;;Inesploso
2236897;2;22/12/2014 21:30;Strada Urbana;VIA NIZZA;all'intersezione con;VIA MANTOVA;VIA MANTOVA;;;Scontro frontale/laterale SX fra veicoli in marcia;Incrocio;Una carreggiata a doppio senso;Asciutto;Asfaltata;Verticale ed orizzontale;Sereno;Scarso;Buona;Sufficiente;0;0;0;4;12.5013;41.91292;-1;1;Autovettura privata;In marcia / fermata / arresto;Passeggero;F;Illeso;0;;Non accertato;Inesploso
2236897;2;22/12/2014 21:30;Strada Urbana;VIA NIZZA;all'intersezione con;VIA MANTOVA;VIA MANTOVA;;;Scontro frontale/laterale SX fra veicoli in marcia;Incrocio;Una carreggiata a doppio senso;Asciutto;Asfaltata;Verticale ed orizzontale;Sereno;Scarso;Buona;Sufficiente;0;0;0;4;12.5013;41.91292;-1;2;Autovettura privata;In marcia / fermata / arresto;Conducente;M;Illeso;0;;Non accertato;Inesploso
2236901;1;23/12/2014 00:30;Strada Urbana;LUNGOTEVERE MARZIO;all'intersezione semaforizzata con;PONTE CAVOUR;PONTE CAVOUR;;;Veicolo in marcia contro ostacolo accidentale;Intersezione semaforizzata;Una carreggiata a senso unico di marcia;Asciutto;In cubetti di porfido;Verticale ed orizzontale;Sereno;Normale;Buona;Sufficiente;0;0;0;2;12.47384;41.90322;-1;1;Autovettura privata;In marcia / fermata / arresto;Conducente;F;Illeso;0;;Non accertato;
2236901;1;23/12/2014 00:30;Strada Urbana;LUNGOTEVERE MARZIO;all'intersezione semaforizzata con;PONTE CAVOUR;PONTE CAVOUR;;;Veicolo in marcia contro ostacolo accidentale;Intersezione semaforizzata;Una carreggiata a senso unico di marcia;Asciutto;In cubetti di porfido;Verticale ed orizzontale;Sereno;Normale;Buona;Sufficiente;0;0;0;2;12.47384;41.90322;-1;2;Autovettura privata;In marcia / fermata / arresto;Conducente;F;Illeso;0;;Non accertato;
2236902;13;22/12/2014 16:00;Strada Urbana;VIA UMBERTO LILLONI;all'intersezione con;VIA TANCREDI PARMEGGIANI;VIA TANCREDI PARMEGGIANI;;;Investimento di pedone;Intersezione non regolata/non segnalata;Una carreggiata a senso unico di marcia;Asciutto;Asfaltata;Orizzontale;Sereno;Normale;Buona;Ore Diurne;1;0;0;1;12.34717;41.77577;-1;;;;Pedone;F;Rimandato;0;NON DECEDUTO;;
2236902;13;22/12/2014 16:00;Strada Urbana;VIA UMBERTO LILLONI;all'intersezione con;VIA TANCREDI PARMEGGIANI;VIA TANCREDI PARMEGGIANI;;;Investimento di pedone;Intersezione non regolata/non segnalata;Una carreggiata a senso unico di marcia;Asciutto;Asfaltata;Orizzontale;Sereno;Normale;Buona;Ore Diurne;1;0;0;1;12.34717;41.77577;-1;1;Autovettura privata;In marcia / fermata / arresto;Conducente;M;Illeso;0;;Non accertato;Inesploso
2236911;12;21/12/2014 19:30;Strada Urbana;VIALE CARLO LEVI;da specificare;;;;altezza Via I. SILONE;Scontro laterale fra veicoli in marcia;Rotatoria;Una carreggiata a senso unico di marcia;Asciutto;Asfaltata;Verticale ed orizzontale;Nuvoloso;Scarso;Buona;Sufficiente;0;0;0;5;12.46551;41.81248;-1;1;Autovettura privata;In marcia / fermata / arresto;Conducente;F;Illeso;0;;Non accertato;Inesploso
2236911;12;21/12/2014 19:30;Strada Urbana;VIALE CARLO LEVI;da specificare;;;;altezza Via I. SILONE;Scontro laterale fra veicoli in marcia;Rotatoria;Una carreggiata a senso unico di marcia;Asciutto;Asfaltata;Verticale ed orizzontale;Nuvoloso;Scarso;Buona;Sufficiente;0;0;0;5;12.46551;41.81248;-1;1;Autovettura privata;In marcia / fermata / arresto;Passeggero;F;Illeso;0;;Non accertato;Inesploso
2236911;12;21/12/2014 19:30;Strada Urbana;VIALE CARLO LEVI;da specificare;;;;altezza Via I. SILONE;Scontro laterale fra veicoli in marcia;Rotatoria;Una carreggiata a senso unico di marcia;Asciutto;Asfaltata;Verticale ed orizzontale;Nuvoloso;Scarso;Buona;Sufficiente;0;0;0;5;12.46551;41.81248;-1;2;Autovettura privata;In marcia / fermata / arresto;Conducente;M;Illeso;0;;Non accertato;Inesploso
2236911;12;21/12/2014 19:30;Strada Urbana;VIALE CARLO LEVI;da specificare;;;;altezza Via I. SILONE;Scontro laterale fra veicoli in marcia;Rotatoria;Una carreggiata a senso unico di marcia;Asciutto;Asfaltata;Verticale ed orizzontale;Nuvoloso;Scarso;Buona;Sufficiente;0;0;0;5;12.46551;41.81248;-1;2;Autovettura privata;In marcia / fermata / arresto;Passeggero;F;Illeso;0;;Utilizzato;Inesploso
2236911;12;21/12/2014 19:30;Strada Urbana;VIALE CARLO LEVI;da specificare;;;;altezza Via I. SILONE;Scontro laterale fra veicoli in marcia;Rotatoria;Una carreggiata a senso unico di marcia;Asciutto;Asfaltata;Verticale ed orizzontale;Nuvoloso;Scarso;Buona;Sufficiente;0;0;0;5;12.46551;41.81248;-1;2;Autovettura privata;In marcia / fermata / arresto;Passeggero;F;Illeso;0;;Utilizzato;Inesploso
2236912;1;22/12/2014 08:25;Strada Urbana;PIAZZA D'ARACOELI;all'intersezione con;VIA DEL TEATRO DI MARCELLO;VIA DEL TEATRO DI MARCELLO;;;Scontro laterale fra veicoli in marcia;Incrocio;Una carreggiata a doppio senso;Asciutto;In cubetti di porfido;Verticale ed orizzontale;Sereno;Normale;Buona;Ore Diurne;0;0;0;3;12.48129;41.89423;-1;1;Autovettura privata;In marcia / fermata / arresto;Conducente;M;Illeso;0;;Non accertato;Inesploso
2236912;1;22/12/2014 08:25;Strada Urbana;PIAZZA D'ARACOELI;all'intersezione con;VIA DEL TEATRO DI MARCELLO;VIA DEL TEATRO DI MARCELLO;;;Scontro laterale fra veicoli in marcia;Incrocio;Una carreggiata a doppio senso;Asciutto;In cubetti di porfido;Verticale ed orizzontale;Sereno;Normale;Buona;Ore Diurne;0;0;0;3;12.48129;41.89423;-1;1;Autovettura privata;In marcia / fermata / arresto;Passeggero;F;Illeso;0;;Non accertato;Inesploso
2236912;1;22/12/2014 08:25;Strada Urbana;PIAZZA D'ARACOELI;all'intersezione con;VIA DEL TEATRO DI MARCELLO;VIA DEL TEATRO DI MARCELLO;;;Scontro laterale fra veicoli in marcia;Incrocio;Una carreggiata a doppio senso;Asciutto;In cubetti di porfido;Verticale ed orizzontale;Sereno;Normale;Buona;Ore Diurne;0;0;0;3;12.48129;41.89423;-1;2;Autobus urbano;In marcia / fermata / arresto;Conducente;M;Illeso;0;;Non accertato;Inesploso
2236922;4;22/12/2014 10:00;Strada Urbana;VIALE VAL PADANA;all'intersezione con;VIA VAL DI SANGRO;VIA VAL DI SANGRO;;;Scontro frontale/laterale DX fra veicoli in marcia;Intersezione stradale segnalata;Due carreggiate;Asciutto;Asfaltata;Assente;Sereno;Normale;Buona;Ore Diurne;0;0;0;2;12.52354;41.94271;-1;1;Autovettura privata;In marcia / fermata / arresto;Conducente;F;Illeso;0;;Non accertato;Inesploso
2236922;4;22/12/2014 10:00;Strada Urbana;VIALE VAL PADANA;all'intersezione con;VIA VAL DI SANGRO;VIA VAL DI SANGRO;;;Scontro frontale/laterale DX fra veicoli in marcia;Intersezione stradale segnalata;Due carreggiate;Asciutto;Asfaltata;Assente;Sereno;Normale;Buona;Ore Diurne;0;0;0;2;12.52354;41.94271;-1;2;Autovettura privata;In marcia / fermata / arresto;Conducente;M;Illeso;0;;Non accertato;Inesploso
2236923;15;23/12/2014 10:20;Strada Urbana;VIA GAETANO FUGGETTA;in corrispondenza;;del civico n.;76;;Veicolo in marcia contro veicolo in sosta;Rettilineo;Una carreggiata a senso unico di marcia;Asciutto;Asfaltata;Verticale ed orizzontale;Nuvoloso;Scarso;Buona;Ore Diurne;0;0;0;1;12.45239;41.85069;-1;1;Autovettura privata;In marcia / fermata / arresto;Conducente;F;Illeso;0;;Utilizzato;Inesploso
2236927;4;22/12/2014 17:00;Strada Urbana;VIA UGO OJETTI;da specificare;;;;altezza Via S. Aleramo;Tamponamento Multiplo;Rettilineo;Due carreggiate;Asciutto;Asfaltata;Verticale ed orizzontale;Sereno;Normale;Buona;Sufficiente;1;0;0;2;12.55461;41.94712;-1;1;Autovettura privata;In marcia / fermata / arresto;Conducente;M;Illeso;0;;Non accertato;
2236927;4;22/12/2014 17:00;Strada Urbana;VIA UGO OJETTI;da specificare;;;;altezza Via S. Aleramo;Tamponamento Multiplo;Rettilineo;Due carreggiate;Asciutto;Asfaltata;Verticale ed orizzontale;Sereno;Normale;Buona;Sufficiente;1;0;0;2;12.55461;41.94712;-1;2;Autovettura privata;In marcia / fermata / arresto;Conducente;M;Rifiuta cure immediate;0;NON DECEDUTO;Non accertato;
2236927;4;22/12/2014 17:00;Strada Urbana;VIA UGO OJETTI;da specificare;;;;altezza Via S. Aleramo;Tamponamento Multiplo;Rettilineo;Due carreggiate;Asciutto;Asfaltata;Verticale ed orizzontale;Sereno;Normale;Buona;Sufficiente;1;0;0;2;12.55461;41.94712;-1;3;Autovettura privata;In marcia / fermata / arresto;Conducente;M;Illeso;0;;Non accertato;
2236930;2;22/12/2014 20:00;Strada Urbana;VIALE PINTURICCHIO;all'intersezione con;VIA GIOVANNI PAOLO PANNINI;VIA GIOVANNI PAOLO PANNINI;;;Scontro frontale/laterale SX fra veicoli in marcia;Incrocio;Una carreggiata a doppio senso;Asciutto;Asfaltata;Verticale ed orizzontale;Sereno;Normale;Buona;Sufficiente;1;0;0;2;12.46305;41.92878;-1;1;Autovettura di polizia;In marcia / fermata / arresto;Conducente;M;Illeso;0;;Non accertato;Inesploso
2236930;2;22/12/2014 20:00;Strada Urbana;VIALE PINTURICCHIO;all'intersezione con;VIA GIOVANNI PAOLO PANNINI;VIA GIOVANNI PAOLO PANNINI;;;Scontro frontale/laterale SX fra veicoli in marcia;Incrocio;Una carreggiata a doppio senso;Asciutto;Asfaltata;Verticale ed orizzontale;Sereno;Normale;Buona;Sufficiente;1;0;0;2;12.46305;41.92878;-1;1;Autovettura di polizia;In marcia / fermata / arresto;Passeggero;M;Illeso;0;;Non accertato;Inesploso
2236930;2;22/12/2014 20:00;Strada Urbana;VIALE PINTURICCHIO;all'intersezione con;VIA GIOVANNI PAOLO PANNINI;VIA GIOVANNI PAOLO PANNINI;;;Scontro frontale/laterale SX fra veicoli in marcia;Incrocio;Una carreggiata a doppio senso;Asciutto;Asfaltata;Verticale ed orizzontale;Sereno;Normale;Buona;Sufficiente;1;0;0;2;12.46305;41.92878;-1;2;Autovettura privata;In marcia / fermata / arresto;Conducente;F;Rifiuta cure immediate;0;NON DECEDUTO;Non accertato;Inesploso
2236934;2;22/12/2014 17:30;Strada Urbana;VIA ULISSE ALDROVANDI;in prossimità;;del civico n.;9;;Scontro laterale fra veicoli in marcia;Rettilineo;Una carreggiata a doppio senso;Asciutto;Asfaltata;Verticale ed orizzontale;Sereno;Normale;Buona;Sufficiente;1;0;0;1;12.48419;41.91778;-1;1;Motociclo a solo;In marcia / fermata / arresto;Conducente;M;Ricoverato;0;NON DECEDUTO;Non accertato;
2236934;2;22/12/2014 17:30;Strada Urbana;VIA ULISSE ALDROVANDI;in prossimità;;del civico n.;9;;Scontro laterale fra veicoli in marcia;Rettilineo;Una carreggiata a doppio senso;Asciutto;Asfaltata;Verticale ed orizzontale;Sereno;Normale;Buona;Sufficiente;1;0;0;1;12.48419;41.91778;-1;2;Autovettura privata;In marcia / fermata / arresto;Conducente;M;Illeso;0;;Non accertato;
2236938;2;22/12/2014 19:00;Strada Urbana;VIA ULISSE ALDROVANDI;in prossimità;;del civico n.;17;;Scontro laterale fra veicoli in marcia;Rettilineo;Una carreggiata a doppio senso;Asciutto;Asfaltata;Verticale ed orizzontale;Sereno;Normale;Buona;Sufficiente;1;0;0;1;12.48589;41.91896;-1;1;Motociclo a solo;In marcia / fermata / arresto;Conducente;M;Ricoverato;0;NON DECEDUTO;Non accertato;
2236938;2;22/12/2014 19:00;Strada Urbana;VIA ULISSE ALDROVANDI;in prossimità;;del civico n.;17;;Scontro laterale fra veicoli in marcia;Rettilineo;Una carreggiata a doppio senso;Asciutto;Asfaltata;Verticale ed orizzontale;Sereno;Normale;Buona;Sufficiente;1;0;0;1;12.48589;41.91896;-1;2;Autovettura privata;In marcia / fermata / arresto;Conducente;M;Illeso;0;;Non accertato;Inesploso
2236947;12;21/12/2014 23:30;Strada Urbana;VIA ANDREA MANTEGNA;all'intersezione con;VIALE DI TOR MARANCIA;VIALE DI TOR MARANCIA;;;Scontro frontale/laterale DX fra veicoli in marcia;Incrocio;Due carreggiate;Asciutto;Asfaltata;Verticale ed orizzontale;Sereno;Scarso;Buona;Sufficiente;1;0;0;2;12.49752;41.85356;-1;1;Autovettura privata;In marcia / fermata / arresto;Conducente;M;Illeso;0;;Utilizzato;Inesploso