Protocollo;Gruppo;DataOraIncidente;Localizzazione1;STRADA1;Localizzazione2;STRADA2;Strada02;Chilometrica;DaSpecificare;NaturaIncidente;particolaritastrade;TipoStrada;FondoStradale;Pavimentazione;Segnaletica;CondizioneAtmosferica;Traffico;Visibilita;Illuminazione;NUM_FERITI;NUM_RISERVATA;NUM_MORTI;NUM_ILLESI;Longitudine;Latitudine;Confermato;Progressivo;TipoVeicolo;StatoVeicolo;TipoPersona;Sesso;Tipolesione;Deceduto;DecedutoDopo;CinturaCascoUtilizzato;Airbag
2240009;16;23/12/2014 19:55;Strada Urbana;VIALE DEI COLLI PORTUENSI;in corrispondenza;;del civico n.;50;;Scontro laterale fra veicoli in marcia;Rettilineo;Due carreggiate;Asciutto;Asfaltata;Orizzontale;Sereno;Normale;Buona;Sufficiente;0;0;0;4;12.44301;41.87572;-1;2;Autovettura privata;In marcia / fermata / arresto;Passeggero;F;Illeso;0;;;
2240010;9;27/12/2014 16:55;Strada Urbana;PIAZZA ZAMA;in corrispondenza;;del civico n.;5;;Tamponamento Multiplo;Rotatoria;Una carreggiata a senso unico di marcia;Bagnato (pioggia);Asfaltata;Assente;Pioggia in atto;Scarso;Sufficiente;Sufficiente;0;0;0;3;12.51005;41.87622;-1;1;Autovettura privata;In marcia / fermata / arresto;Conducente;M;Illeso;0;;Non accertato;Inesploso
2240010;9;27/12/2014 16:55;Strada Urbana;PIAZZA ZAMA;in corrispondenza;;del civico n.;5;;Tamponamento Multiplo;Rotatoria;Una carreggiata a senso unico di marcia;Bagnato (pioggia);Asfaltata;Assente;Pioggia in atto;Scarso;Sufficiente;Sufficiente;0;0;0;3;12.51005;41.87622;-1;2;Autovettura privata;In marcia / fermata / arresto;Conducente;M;Illeso;0;;Non accertato;Inesploso
2240010;9;27/12/2014 16:55;Strada Urbana;PIAZZA ZAMA;in corrispondenza;;del civico n.;5;;Tamponamento Multiplo;Rotatoria;Una carreggiata a senso unico di marcia;Bagnato (pioggia);Asfaltata;Assente;Pioggia in atto;Scarso;Sufficiente;Sufficiente;0;0;0;3;12.51005;41.87622;-1;3;Autovettura privata;In marcia / fermata / arresto;Conducente;M;Illeso;0;;Non accertato;Inesploso
2240011;5;24/12/2014 10:10;Strada Urbana;VIA GALLA PLACIDIA;da specificare;;;;civico 36;Ribaltamento senza urto contro ostacolo fisso;Rettilineo;Una carreggiata a senso unico di marcia;Asciutto;Asfaltata;Verticale;Nuvoloso;Normale;Buona;Ore Diurne;1;0;0;1;12.54303;41.90705;-1;1;Motociclo a solo;In marcia / fermata / arresto;Conducente;M;Rimandato;0;NON DECEDUTO;Non accertato;
2240011;5;24/12/2014 10:10;Strada Urbana;VIA GALLA PLACIDIA;da specificare;;;;civico 36;Ribaltamento senza urto contro ostacolo fisso;Rettilineo;Una carreggiata a senso unico di marcia;Asciutto;Asfaltata;Verticale;Nuvoloso;Normale;Buona;Ore Diurne;1;0;0;1;12.54303;41.90705;-1;2;Autovettura privata;In marcia / fermata / arresto;Conducente;M;Illeso;0;;Non accertato;Inesistente
2240013;5;24/12/2014 11:30;Strada Urbana;VIA DELLE CASE ROSSE;all'intersezione con;VIA CIVITACAMPOMARANO;VIA CIVITACAMPOMARANO;;;Scontro frontale/laterale SX fra veicoli in marcia;Incrocio;Una carreggiata a senso unico di marcia;Asciutto;Asfaltata;Verticale ed orizzontale;Nuvoloso;Normale;Buona;Ore Diurne;0;0;0;6;12.64295;41.93186;-1;1;Autovettura privata;In marcia / fermata / arresto;Conducente;M;Illeso;0;;Non accertato;Inesploso
2240013;5;24/12/2014 11:30;Strada Urbana;VIA DELLE CASE ROSSE;all'intersezione con;VIA CIVITACAMPOMARANO;VIA CIVITACAMPOMARANO;;;Scontro frontale/laterale SX fra veicoli in marcia;Incrocio;Una carreggiata a senso unico di marcia;Asciutto;Asfaltata;Verticale ed orizzontale;Nuvoloso;Normale;Buona;Ore Diurne;0;0;0;6;12.64295;41.93186;-1;1;Autovettura privata;In marcia / fermata / arresto;Passeggero;F;Illeso;0;;Non accertato;Inesploso
2240013;5;24/12/2014 11:30;Strada Urbana;VIA DELLE CASE ROSSE;all'intersezione con;VIA CIVITACAMPOMARANO;VIA CIVITACAMPOMARANO;;;Scontro frontale/laterale SX fra veicoli in marcia;Incrocio;Una carreggiata a senso unico di marcia;Asciutto;Asfaltata;Verticale ed orizzontale;Nuvoloso;Normale;Buona;Ore Diurne;0;0;0;6;12.64295;41.93186;-1;2;Autovettura privata;In marcia / fermata / arresto;Conducente;M;Illeso;0;;Non accertato;Inesploso
2240013;5;24/12/2014 11:30;Strada Urbana;VIA DELLE CASE ROSSE;all'intersezione con;VIA CIVITACAMPOMARANO;VIA CIVITACAMPOMARANO;;;Scontro frontale/laterale SX fra veicoli in marcia;Incrocio;Una carreggiata a senso unico di marcia;Asciutto;Asfaltata;Verticale ed orizzontale;Nuvoloso;Normale;Buona;Ore Diurne;0;0;0;6;12.64295;41.93186;-1;2;Autovettura privata;In marcia / fermata / arresto;Passeggero;F;Illeso;0;;Non accertato;Inesploso
2240013;5;24/12/2014 11:30;Strada Urbana;VIA DELLE CASE ROSSE;all'intersezione con;VIA CIVITACAMPOMARANO;VIA CIVITACAMPOMARANO;;;Scontro frontale/laterale SX fra veicoli in marcia;Incrocio;Una carreggiata a senso unico di marcia;Asciutto;Asfaltata;Verticale ed orizzontale;Nuvoloso;Normale;Buona;Ore Diurne;0;0;0;6;12.64295;41.93186;-1;2;Autovettura privata;In marcia / fermata / arresto;Passeggero;F;Illeso;0;;Non accertato;Inesploso
2240013;5;24/12/2014 11:30;Strada Urbana;VIA DELLE CASE ROSSE;all'intersezione con;VIA CIVITACAMPOMARANO;VIA CIVITACAMPOMARANO;;;Scontro frontale/laterale SX fra veicoli in marcia;Incrocio;Una carreggiata a senso unico di marcia;Asciutto;Asfaltata;Verticale ed orizzontale;Nuvoloso;Normale;Buona;Ore Diurne;0;0;0;6;12.64295;41.93186;-1;2;Autovettura privata;In marcia / fermata / arresto;Passeggero;M;Illeso;0;;Non accertato;Inesploso
2240014;9;27/12/2014 17:50;Strada Urbana;VIA TARANTO;da specificare;;;;fronte VIA RIMINI;Scontro laterale fra veicoli in marcia;Rettilineo;Una carreggiata a doppio senso;Asciutto;Asfaltata;Verticale ed orizzontale;Sereno;Scarso;Sufficiente;Sufficiente;0;0;0;3;12.51288;41.88499;-1;1;Autovettura privata;In marcia / fermata / arresto;Conducente;M;Illeso;0;;Utilizzato;Inesploso
2240014;9;27/12/2014 17:50;Strada Urbana;VIA TARANTO;da specificare;;;;fronte VIA RIMINI;Scontro laterale fra veicoli in marcia;Rettilineo;Una carreggiata a doppio senso;Asciutto;Asfaltata;Verticale ed orizzontale;Sereno;Scarso;Sufficiente;Sufficiente;0;0;0;3;12.51288;41.88499;-1;1;Autovettura privata;In marcia / fermata / arresto;Passeggero;M;Illeso;0;;Non accertato;Inesploso
2240014;9;27/12/2014 17:50;Strada Urbana;VIA TARANTO;da specificare;;;;fronte VIA RIMINI;Scontro laterale fra veicoli in marcia;Rettilineo;Una carreggiata a doppio senso;Asciutto;Asfaltata;Verticale ed orizzontale;Sereno;Scarso;Sufficiente;Sufficiente;0;0;0;3;12.51288;41.88499;-1;2;Autovettura privata;In marcia / fermata / arresto;Conducente;M;Illeso;0;;Non accertato;Inesploso
2240015;13;28/12/2014 11:30;Strada Urbana;VIA TANCREDI CHIARALUCE;in corrispondenza;;del palo luce n.;5910;;Veicolo in marcia contro ostacolo accidentale;Curva a visuale libera;Una carreggiata a doppio senso;Bagnato (umidità in atto);Asfaltata;Orizzontale;Nuvoloso;Normale;Sufficiente;Ore Diurne;0;0;0;2;12.26895;41.74647;-1;1;Autovettura privata;In marcia / fermata / arresto;Conducente;M;Illeso;0;;Non accertato;
2240015;13;28/12/2014 11:30;Strada Urbana;VIA TANCREDI CHIARALUCE;in corrispondenza;;del palo luce n.;5910;;Veicolo in marcia contro ostacolo accidentale;Curva a visuale libera;Una carreggiata a doppio senso;Bagnato (umidità in atto);Asfaltata;Orizzontale;Nuvoloso;Normale;Sufficiente;Ore Diurne;0;0;0;2;12.26895;41.74647;-1;1;Autovettura privata;In marcia / fermata / arresto;Passeggero;M;Illeso;0;;Non accertato;
2240017;5;24/12/2014 15:00;Strada Urbana;VIA TIBURTINA;da specificare;;;;altezza rampa di immissione GRA direzione Tivoli;Scontro laterale fra veicoli in marcia;Rettilineo;Una carreggiata a doppio senso;Asciutto;Asfaltata;Verticale ed orizzontale;Sereno;Intenso;Buona;Ore Diurne;0;0;0;4;12.60251;41.93356;-1;1;Autoarticolato;In marcia / fermata / arresto;Conducente;M;Illeso;0;;Non accertato;
2240017;5;24/12/2014 15:00;Strada Urbana;VIA TIBURTINA;da specificare;;;;altezza rampa di immissione GRA direzione Tivoli;Scontro laterale fra veicoli in marcia;Rettilineo;Una carreggiata a doppio senso;Asciutto;Asfaltata;Verticale ed orizzontale;Sereno;Intenso;Buona;Ore Diurne;0;0;0;4;12.60251;41.93356;-1;2;Autovettura privata;In marcia / fermata / arresto;Conducente;F;Illeso;0;;Non accertato;
2240017;5;24/12/2014 15:00;Strada Urbana;VIA TIBURTINA;da specificare;;;;altezza rampa di immissione GRA direzione Tivoli;Scontro laterale fra veicoli in marcia;Rettilineo;Una carreggiata a doppio senso;Asciutto;Asfaltata;Verticale ed orizzontale;Sereno;Intenso;Buona;Ore Diurne;0;0;0;4;12.60251;41.93356;-1;2;Autovettura privata;In marcia / fermata / arresto;Passeggero;M;Illeso;0;;Non accertato;
2240017;5;24/12/2014 15:00;Strada Urbana;VIA TIBURTINA;da specificare;;;;altezza rampa di immissione GRA direzione Tivoli;Scontro laterale fra veicoli in marcia;Rettilineo;Una carreggiata a doppio senso;Asciutto;Asfaltata;Verticale ed orizzontale;Sereno;Intenso;Buona;Ore Diurne;0;0;0;4;12.60251;41.93356;-1;2;Autovettura privata;In marcia / fermata / arresto;Passeggero;M;Illeso;0;;Non accertato;
2240018;15;25/12/2014 03:30;Strada Urbana;VIA ODERISI DA GUBBIO;all'intersezione con;VIA BARTOLOMEO CRISTOFORI;VIA BARTOLOMEO CRISTOFORI;;;Scontro laterale fra veicoli in marcia;Intersezione semaforizzata;Una carreggiata a doppio senso;Asciutto;Asfaltata;Orizzontale;Sereno;Scarso;Buona;Sufficiente;2;0;0;2;12.46527;41.86551;-1;1;Autovettura privata;In marcia / fermata / arresto;Conducente;M;Illeso;0;;Utilizzato;
2240018;15;25/12/2014 03:30;Strada Urbana;VIA ODERISI DA GUBBIO;all'intersezione con;VIA BARTOLOMEO CRISTOFORI;VIA BARTOLOMEO CRISTOFORI;;;Scontro laterale fra veicoli in marcia;Intersezione semaforizzata;Una carreggiata a doppio senso;Asciutto;Asfaltata;Orizzontale;Sereno;Scarso;Buona;Sufficiente;2;0;0;2;12.46527;41.86551;-1;1;Autovettura privata;In marcia / fermata / arresto;Passeggero;F;Illeso;0;;Utilizzato;
2240018;15;25/12/2014 03:30;Strada Urbana;VIA ODERISI DA GUBBIO;all'intersezione con;VIA BARTOLOMEO CRISTOFORI;VIA BARTOLOMEO CRISTOFORI;;;Scontro laterale fra veicoli in marcia;Intersezione semaforizzata;Una carreggiata a doppio senso;Asciutto;Asfaltata;Orizzontale;Sereno;Scarso;Buona;Sufficiente;2;0;0;2;12.46527;41.86551;-1;2;Autovettura privata;In marcia / fermata / arresto;Conducente;M;Rimandato;0;NON DECEDUTO;Utilizzato;
2240018;15;25/12/2014 03:30;Strada Urbana;VIA ODERISI DA GUBBIO;all'intersezione con;VIA BARTOLOMEO CRISTOFORI;VIA BARTOLOMEO CRISTOFORI;;;Scontro laterale fra veicoli in marcia;Intersezione semaforizzata;Una carreggiata a doppio senso;Asciutto;Asfaltata;Orizzontale;Sereno;Scarso;Buona;Sufficiente;2;0;0;2;12.46527;41.86551;-1;2;Autovettura privata;In marcia / fermata / arresto;Passeggero;F;Rimandato;0;NON DECEDUTO;Utilizzato;
2240019;4;24/12/2014 11:00;Statale;VIA SALARIA;in prossimità;;della chilometrica;18.1;;Fuoriuscita dalla sede stradale;Rettilineo;Una carreggiata a doppio senso;Asciutto;Asfaltata;Verticale ed orizzontale;Sereno;Normale;Buona;Ore Diurne;0;0;0;1;12.51691;41.99645;-1;1;Autovettura privata;In marcia / fermata / arresto;Conducente;F;Illeso;0;;Non accertato;Inesploso
2240020;7;28/12/2014 01:40;Strada Urbana;VIA DEI MONTI TIBURTINI;all'intersezione semaforizzata con;VIA FILIPPO MEDA;VIA FILIPPO MEDA;;;Fuoriuscita dalla sede stradale;Intersezione semaforizzata;Due carreggiate;Bagnato (pioggia);Asfaltata;Verticale ed orizzontale;Pioggia in atto;Scarso;Buona;Sufficiente;0;0;0;1;12.54747;41.91556;-1;1;Autovettura privata;In marcia / fermata / arresto;Conducente;M;Illeso;0;;Non accertato;
2240021;5;24/12/2014 17:20;Strada Urbana;VIA DI CASAL BIANCO;all'intersezione con;VIA DI SETTECAMINI;VIA DI SETTECAMINI;;;Investimento di pedone;Incrocio;Una carreggiata a doppio senso;Asciutto;Asfaltata;Verticale ed orizzontale;Sereno;Normale;Sufficiente;Sufficiente;1;0;0;1;12.62884;41.94187;-1;;;;Pedone;F;Rimandato;0;NON DECEDUTO;;
2240021;5;24/12/2014 17:20;Strada Urbana;VIA DI CASAL BIANCO;all'intersezione con;VIA DI SETTECAMINI;VIA DI SETTECAMINI;;;Investimento di pedone;Incrocio;Una carreggiata a doppio senso;Asciutto;Asfaltata;Verticale ed orizzontale;Sereno;Normale;Sufficiente;Sufficiente;1;0;0;1;12.62884;41.94187;-1;1;Autovettura privata;In marcia / fermata / arresto;Conducente;M;Illeso;0;;Non accertato;
2240023;13;28/12/2014 04:30;Strada Urbana;VIA DI MALAFEDE;da specificare;;;;altezza via Massimo Troisi;Ribaltamento senza urto contro ostacolo fisso;Rettilineo;Una carreggiata a doppio senso;Bagnato (pioggia);Asfaltata;Assente;Nuvoloso;Scarso;Sufficiente;Sufficiente;0;0;0;1;12.40037;41.76942;-1;1;Autovettura privata;In marcia / fermata / arresto;Conducente;F;Illeso;0;;Non accertato;Esploso
2240024;5;27/12/2014 09:45;Strada Urbana;VIA TIBURTINA;da specificare;;;;FRONTE CIVICO 377;Scontro laterale fra veicoli in marcia;Rettilineo;Due carreggiate;Asciutto;Asfaltata;Verticale ed orizzontale;Sereno;Normale;Buona;Ore Diurne;0;0;0;2;12.53597;41.90819;-1;1;Autovettura privata;In marcia / fermata / arresto;Conducente;M;Illeso;0;;Non accertato;
2240024;5;27/12/2014 09:45;Strada Urbana;VIA TIBURTINA;da specificare;;;;FRONTE CIVICO 377;Scontro laterale fra veicoli in marcia;Rettilineo;Due carreggiate;Asciutto;Asfaltata;Verticale ed orizzontale;Sereno;Normale;Buona;Ore Diurne;0;0;0;2;12.53597;41.90819;-1;2;Autovettura privata;In marcia / fermata / arresto;Conducente;M;Illeso;0;;Non accertato;
2240025;16;24/12/2014 13:30;Strada Urbana;VIA FRANCESCO CORNARO;in corrispondenza;;del civico n.;11;;Veicolo in marcia contro veicolo in sosta;Rettilineo;Una carreggiata a doppio senso;Asciutto;Asfaltata;Assente;Nuvoloso;Scarso;Buona;Ore Diurne;0;0;0;1;12.45719;41.87554;-1;1;Autovettura privata;In marcia / fermata / arresto;Conducente;F;Illeso;0;;Non accertato;Inesploso
2240026;5;27/12/2014 19:00;Strada Urbana;VIALE PALMIRO TOGLIATTI;all'intersezione semaforizzata con;VIALE SACCO E VANZETTI;VIALE SACCO E VANZETTI;;;Scontro frontale/laterale SX fra veicoli in marcia;Intersezione semaforizzata;Due carreggiate;Bagnato (pioggia);Asfaltata;Verticale ed orizzontale;Pioggia in atto;Normale;Buona;Sufficiente;0;0;0;3;12.57201;41.91027;-1;1;Autovettura privata;In marcia / fermata / arresto;Conducente;M;Illeso;0;;Non accertato;Inesploso
2240026;5;27/12/2014 19:00;Strada Urbana;VIALE PALMIRO TOGLIATTI;all'intersezione semaforizzata con;VIALE SACCO E VANZETTI;VIALE SACCO E VANZETTI;;;Scontro frontale/laterale SX fra veicoli in marcia;Intersezione semaforizzata;Due carreggiate;Bagnato (pioggia);Asfaltata;Verticale ed orizzontale;Pioggia in atto;Normale;Buona;Sufficiente;0;0;0;3;12.57201;41.91027;-1;2;Autovettura privata;In marcia / fermata / arresto;Conducente;M;Illeso;0;;Non accertato;Inesploso
2240026;5;27/12/2014 19:00;Strada Urbana;VIALE PALMIRO TOGLIATTI;all'intersezione semaforizzata con;VIALE SACCO E VANZETTI;VIALE SACCO E VANZETTI;;;Scontro frontale/laterale SX fra veicoli in marcia;Intersezione semaforizzata;Due carreggiate;Bagnato (pioggia);Asfaltata;Verticale ed orizzontale;Pioggia in atto;Normale;Buona;Sufficiente;0;0;0;3;12.57201;41.91027;-1;2;Autovettura privata;In marcia / fermata / arresto;Passeggero;M;Illeso;0;;Non accertato;Inesploso
2240031;16;27/12/2014 11:10;Strada Urbana;VIA DI DONNA OLIMPIA;in corrispondenza;;del civico n.;67;;Scontro laterale fra veicoli in marcia;Rettilineo;Una carreggiata a doppio senso;Asciutto;Asfaltata;Orizzontale;Sereno;Normale;Buona;Ore Diurne;0;0;0;2;12.45388;41.87634;-1;1;Autovettura privata;In marcia / fermata / arresto;Conducente;M;Illeso;0;;Non accertato;Inesploso
2240031;16;27/12/2014 11:10;Strada Urbana;VIA DI DONNA OLIMPIA;in corrispondenza;;del civico n.;67;;Scontro laterale fra veicoli in marcia;Rettilineo;Una carreggiata a doppio senso;Asciutto;Asfaltata;Orizzontale;Sereno;Normale;Buona;Ore Diurne;0;0;0;2;12.45388;41.87634;-1;2;Autovettura privata;In marcia / fermata / arresto;Conducente;M;Illeso;0;;Non accertato;Inesploso
2240032;7;24/12/2014 18:20;Strada Urbana;VIALE PALMIRO TOGLIATTI;in prossimità;;del civico n.;363;;Investimento di pedone;Rettilineo;Una carreggiata a senso unico di marcia;Asciutto;Asfaltata;Assente;Sereno;Intenso;Sufficiente;Sufficiente;0;1;0;1;12.56765;41.86847;-1;;;;Pedone;M;Prognosi riservata;0;NON DECEDUTO;;
2240032;7;24/12/2014 18:20;Strada Urbana;VIALE PALMIRO TOGLIATTI;in prossimità;;del civico n.;363;;Investimento di pedone;Rettilineo;Una carreggiata a senso unico di marcia;Asciutto;Asfaltata;Assente;Sereno;Intenso;Sufficiente;Sufficiente;0;1;0;1;12.56765;41.86847;-1;1;Autovettura privata;In marcia / fermata / arresto;Conducente;M;Illeso;0;;Non accertato;Inesploso
2240035;7;29/12/2014 07:05;Strada Urbana;VIALE PALMIRO TOGLIATTI;da specificare;;;;direzione Prenestina altezza svincolo;Scontro laterale fra veicoli in marcia;Rettilineo;Due carreggiate;Asciutto;Asfaltata;Orizzontale;Sereno;Scarso;Buona;Ore Diurne;0;0;0;3;12.57579;41.89583;-1;1;Autovettura privata;In marcia / fermata / arresto;Conducente;M;Illeso;0;;Non accertato;
2240035;7;29/12/2014 07:05;Strada Urbana;VIALE PALMIRO TOGLIATTI;da specificare;;;;direzione Prenestina altezza svincolo;Scontro laterale fra veicoli in marcia;Rettilineo;Due carreggiate;Asciutto;Asfaltata;Orizzontale;Sereno;Scarso;Buona;Ore Diurne;0;0;0;3;12.57579;41.89583;-1;2;Autovettura di polizia;In marcia / fermata / arresto;Conducente;M;Illeso;0;;Esente;
2240035;7;29/12/2014 07:05;Strada Urbana;VIALE PALMIRO TOGLIATTI;da specificare;;;;direzione Prenestina altezza svincolo;Scontro laterale fra veicoli in marcia;Rettilineo;Due carreggiate;Asciutto;Asfaltata;Orizzontale;Sereno;Scarso;Buona;Ore Diurne;0;0;0;3;12.57579;41.89583;-1;2;Autovettura di polizia;In marcia / fermata / arresto;Passeggero;M;Illeso;0;;Esente;
2240036;7;28/12/2014 22:30;Strada Urbana;VIA DELLA TENUTA DEL CAVALIERE;da specificare;;;;prossimità Ponte Aniene (direz. marciaV.Tiburtina);Veicolo in marcia contro ostacolo accidentale;Rettilineo;Una carreggiata a doppio senso;Bagnato (pioggia);Asfaltata;Assente;Sereno;Scarso;Insufficiente;Inesistente;0;0;0;4;12.66761;41.92741;-1;1;Autovettura privata;In marcia / fermata / arresto;Conducente;M;Illeso;0;;Non accertato;Inesploso
2240036;7;28/12/2014 22:30;Strada Urbana;VIA DELLA TENUTA DEL CAVALIERE;da specificare;;;;prossimità Ponte Aniene (direz. marciaV.Tiburtina);Veicolo in marcia contro ostacolo accidentale;Rettilineo;Una carreggiata a doppio senso;Bagnato (pioggia);Asfaltata;Assente;Sereno;Scarso;Insufficiente;Inesistente;0;0;0;4;12.66761;41.92741;-1;1;Autovettura privata;In marcia / fermata / arresto;Passeggero;F;Illeso;0;;Non accertato;Inesploso
2240036;7;28/12/2014 22:30;Strada Urbana;VIA DELLA TENUTA DEL CAVALIERE;da specificare;;;;prossimità Ponte Aniene (direz. marciaV.Tiburtina);Veicolo in marcia contro ostacolo accidentale;Rettilineo;Una carreggiata a doppio senso;Bagnato (pioggia);Asfaltata;Assente;Sereno;Scarso;Insufficiente;Inesistente;0;0;0;4;12.66761;41.92741;-1;1;Autovettura privata;In marcia / fermata / arresto;Passeggero;M;Illeso;0;;Non accertato;Inesploso
2240036;7;28/12/2014 22:30;Strada Urbana;VIA DELLA TENUTA DEL CAVALIERE;da specificare;;;;prossimità Ponte Aniene (direz. marciaV.Tiburtina);Veicolo in marcia contro ostacolo accidentale;Rettilineo;Una carreggiata a doppio senso;Bagnato (pioggia);Asfaltata;Assente;Sereno;Scarso;Insufficiente;Inesistente;0;0;0;4;12.66761;41.92741;-1;1;Autovettura privata;In marcia / fermata / arresto;Passeggero;M;Illeso;0;;Non accertato;Inesploso
2240039;4;24/12/2014 10:00;Provinciale;VIA NOMENTANA;in prossimità;;del civico n.;1412;;Scontro frontale/laterale DX fra veicoli in marcia;Rettilineo;Una carreggiata a doppio senso;Asciutto;Asfaltata;Orizzontale;Nuvoloso;Normale;Buona;Ore Diurne;1;0;0;1;12.59766;41.96546;-1;1;Motociclo a solo;In marcia / fermata / arresto;Conducente;M;Rifiuta cure immediate;0;NON DECEDUTO;Non accertato;
2240039;4;24/12/2014 10:00;Provinciale;VIA NOMENTANA;in prossimità;;del civico n.;1412;;Scontro frontale/laterale DX fra veicoli in marcia;Rettilineo;Una carreggiata a doppio senso;Asciutto;Asfaltata;Orizzontale;Nuvoloso;Normale;Buona;Ore Diurne;1;0;0;1;12.59766;41.96546;-1;2;Autovettura privata;In marcia / fermata / arresto;Conducente;F;Illeso;0;;Non accertato;Inesploso
2240042;1;28/12/2014 10:00;Strada Urbana;VIA CAVOUR;in corrispondenza;;del civico n.;20;;Infortunio per sola frenata improvvisa;Rettilineo;Una carreggiata a doppio senso;Bagnato (pioggia);Asfaltata;Verticale ed orizzontale;Nuvoloso;Scarso;Buona;Ore Diurne;1;0;0;1;12.49914;41.90022;-1;1;Motociclo a solo;In marcia / fermata / arresto;Conducente;M;Rifiuta cure immediate;0;NON DECEDUTO;Non accertato;
2240042;1;28/12/2014 10:00;Strada Urbana;VIA CAVOUR;in corrispondenza;;del civico n.;20;;Infortunio per sola frenata improvvisa;Rettilineo;Una carreggiata a doppio senso;Bagnato (pioggia);Asfaltata;Verticale ed orizzontale;Nuvoloso;Scarso;Buona;Ore Diurne;1;0;0;1;12.49914;41.90022;-1;2;Autovettura pubblica;In marcia / fermata / arresto;Conducente;M;Illeso;0;;Non accertato;Inesploso
2240043;4;25/12/2014 19:10;Provinciale entro l'abitato;VIA NOMENTANA;all'intersezione con;VIA DIEGO FABBRI;VIA DIEGO FABBRI;;;Scontro frontale/laterale DX fra veicoli in marcia;Intersezione stradale segnalata;Una carreggiata a doppio senso;Asciutto;Asfaltata;Verticale ed orizzontale;Sereno;Normale;Buona;Sufficiente;1;0;0;2;12.58026;41.95765;-1;1;Autovettura privata;In marcia / fermata / arresto;Conducente;M;Illeso;0;;Non accertato;Inesploso
2240043;4;25/12/2014 19:10;Provinciale entro l'abitato;VIA NOMENTANA;all'intersezione con;VIA DIEGO FABBRI;VIA DIEGO FABBRI;;;Scontro frontale/laterale DX fra veicoli in marcia;Intersezione stradale segnalata;Una carreggiata a doppio senso;Asciutto;Asfaltata;Verticale ed orizzontale;Sereno;Normale;Buona;Sufficiente;1;0;0;2;12.58026;41.95765;-1;1;Autovettura privata;In marcia / fermata / arresto;Passeggero;M;Illeso;0;;Non accertato;Inesploso
2240043;4;25/12/2014 19:10;Provinciale entro l'abitato;VIA NOMENTANA;all'intersezione con;VIA DIEGO FABBRI;VIA DIEGO FABBRI;;;Scontro frontale/laterale DX fra veicoli in marcia;Intersezione stradale segnalata;Una carreggiata a doppio senso;Asciutto;Asfaltata;Verticale ed orizzontale;Sereno;Normale;Buona;Sufficiente;1;0;0;2;12.58026;41.95765;-1;2;Motociclo a solo;In marcia / fermata / arresto;Conducente;M;Rimandato;0;NON DECEDUTO;;
2240044;20;28/12/2014 22:00;Regionale entro l'abitato;VIA CASSIA;da specificare;;;;prossimità VIA LEONESSA;Tamponamento;Rettilineo;Una carreggiata a doppio senso;Asciutto;Asfaltata;Orizzontale;Sereno;Scarso;Buona;Sufficiente;1;0;0;1;12.41447;41.9825;-1;1;Autovettura privata;In marcia / fermata / arresto;Conducente;F;Rimandato;0;NON DECEDUTO;Non accertato;
2240044;20;28/12/2014 22:00;Regionale entro l'abitato;VIA CASSIA;da specificare;;;;prossimità VIA LEONESSA;Tamponamento;Rettilineo;Una carreggiata a doppio senso;Asciutto;Asfaltata;Orizzontale;Sereno;Scarso;Buona;Sufficiente;1;0;0;1;12.41447;41.9825;-1;2;Autovettura privata;In marcia / fermata / arresto;Conducente;F;Illeso;0;;;
2240052;4;25/12/2014 23:00;Strada Urbana;VIA NOMENTANA;all'intersezione con;VIA ETTORE ROMAGNOLI;VIA ETTORE ROMAGNOLI;;;Scontro frontale fra veicoli in marcia;Incrocio;Una carreggiata a doppio senso;Bagnato (pioggia);Asfaltata;Verticale ed orizzontale;Nuvoloso;Normale;Buona;Sufficiente;1;0;0;2;12.58026;41.95765;-1;1;Autovettura privata;In marcia / fermata / arresto;Conducente;M;Illeso;0;;Non accertato;Inesploso
2240052;4;25/12/2014 23:00;Strada Urbana;VIA NOMENTANA;all'intersezione con;VIA ETTORE ROMAGNOLI;VIA ETTORE ROMAGNOLI;;;Scontro frontale fra veicoli in marcia;Incrocio;Una carreggiata a doppio senso;Bagnato (pioggia);Asfaltata;Verticale ed orizzontale;Nuvoloso;Normale;Buona;Sufficiente;1;0;0;2;12.58026;41.95765;-1;1;Autovettura privata;In marcia / fermata / arresto;Passeggero;F;Illeso;0;;Non accertato;Inesploso
2240052;4;25/12/2014 23:00;Strada Urbana;VIA NOMENTANA;all'intersezione con;VIA ETTORE ROMAGNOLI;VIA ETTORE ROMAGNOLI;;;Scontro frontale fra veicoli in marcia;Incrocio;Una carreggiata a doppio senso;Bagnato (pioggia);Asfaltata;Verticale ed orizzontale;Nuvoloso;Normale;Buona;Sufficiente;1;0;0;2;12.58026;41.95765;-1;2;Autovettura privata;In marcia / fermata / arresto;Conducente;M;Rimandato;0;NON DECEDUTO;Non accertato;
2240057;6;24/12/2014 18:00;Strada Urbana;VIA DI TOR CERVARA;in corrispondenza;;del civico n.;236;;Veicolo in marcia contro ostacolo fisso;Curva a visuale libera;Una carreggiata a doppio senso;Asciutto;Asfaltata;Verticale ed orizzontale;Sereno;Normale;Sufficiente;Sufficiente;2;0;0;0;12.59086;41.91312;-1;1;Autovettura privata;In marcia / fermata / arresto;Conducente;F;Rimandato;0;NON DECEDUTO;Non accertato;Inesploso