Protocollo;Gruppo;DataOraIncidente;Localizzazione1;STRADA1;Localizzazione2;STRADA2;Strada02;Chilometrica;DaSpecificare;NaturaIncidente;particolaritastrade;TipoStrada;FondoStradale;Pavimentazione;Segnaletica;CondizioneAtmosferica;Traffico;Visibilita;Illuminazione;NUM_FERITI;NUM_RISERVATA;NUM_MORTI;NUM_ILLESI;Longitudine;Latitudine;Confermato;Progressivo;TipoVeicolo;StatoVeicolo;TipoPersona;Sesso;Tipolesione;Deceduto;DecedutoDopo;CinturaCascoUtilizzato;Airbag
2241614;19;30/12/2014 18:20;Strada Urbana;VIA TRIONFALE;in corrispondenza;;del civico n.;7585;;Scontro laterale fra veicoli in marcia;Curva a visuale libera;Due carreggiate;Asciutto;Asfaltata;Verticale ed orizzontale;Sereno;Normale;Sufficiente;Sufficiente;0;0;0;2;12.43365;41.93441;-1;2;Motociclo a solo;In marcia / fermata / arresto;Conducente;M;Illeso;0;;Non accertato;
2241615;19;22/12/2014 23:50;Strada Urbana;VIA DEI MONTI DI PRIMAVALLE;in corrispondenza;;del civico n.;81;;Veicolo in marcia contro veicoli in sosta;Rettilineo;Una carreggiata a doppio senso;Asciutto;Asfaltata;Verticale ed orizzontale;Sereno;Scarso;Buona;Sufficiente;0;0;0;2;12.41308;41.91192;-1;1;Autovettura privata;In marcia / fermata / arresto;Conducente;F;Illeso;0;;;
2241615;19;22/12/2014 23:50;Strada Urbana;VIA DEI MONTI DI PRIMAVALLE;in corrispondenza;;del civico n.;81;;Veicolo in marcia contro veicoli in sosta;Rettilineo;Una carreggiata a doppio senso;Asciutto;Asfaltata;Verticale ed orizzontale;Sereno;Scarso;Buona;Sufficiente;0;0;0;2;12.41308;41.91192;-1;1;Autovettura privata;In marcia / fermata / arresto;Passeggero;F;Illeso;0;;;
2241617;7;30/12/2014 10:15;Strada Urbana;VIA PRENESTINA;in prossimità;;del civico n.;1068;;Tamponamento;Rettilineo;Una carreggiata a doppio senso;Asciutto;Asfaltata;Orizzontale;Sereno;Normale;Buona;Ore Diurne;0;0;0;3;12.61145;41.89328;-1;1;Autocarro inferiore 35 q.;In marcia / fermata / arresto;Conducente;M;Illeso;0;;;Inesploso
2241617;7;30/12/2014 10:15;Strada Urbana;VIA PRENESTINA;in prossimità;;del civico n.;1068;;Tamponamento;Rettilineo;Una carreggiata a doppio senso;Asciutto;Asfaltata;Orizzontale;Sereno;Normale;Buona;Ore Diurne;0;0;0;3;12.61145;41.89328;-1;2;Autocarro inferiore 35 q.;In marcia / fermata / arresto;Conducente;M;Illeso;0;;Non accertato;Inesploso
2241617;7;30/12/2014 10:15;Strada Urbana;VIA PRENESTINA;in prossimità;;del civico n.;1068;;Tamponamento;Rettilineo;Una carreggiata a doppio senso;Asciutto;Asfaltata;Orizzontale;Sereno;Normale;Buona;Ore Diurne;0;0;0;3;12.61145;41.89328;-1;2;Autocarro inferiore 35 q.;In marcia / fermata / arresto;Passeggero;M;Illeso;0;;Non accertato;Inesploso
2241621;19;21/12/2014 03:00;Strada Urbana;VIA DELLA PINETA SACCHETTI;da specificare;;;;in prossimità di via Acquaderni;Veicolo in marcia contro ostacolo fisso;Rettilineo;Una carreggiata a senso unico di marcia;Asciutto;Asfaltata;Verticale ed orizzontale;Sereno;Scarso;Sufficiente;Sufficiente;1;0;0;0;12.42428;41.9229;-1;1;Autocarro inferiore 35 q.;In marcia / fermata / arresto;Conducente;M;Rimandato;0;NON DECEDUTO;;
2241638;6;30/12/2014 20:40;Strada Urbana;VIA PRENESTINA;all'intersezione con;LARGO PRENESTE;LARGO PRENESTE;;;Scontro laterale fra veicoli in marcia;Incrocio;Due carreggiate;Asciutto;Asfaltata;Verticale ed orizzontale;Sereno;Normale;Buona;Sufficiente;0;0;0;2;12.54186;41.89271;-1;1;Autovettura di polizia;In marcia / fermata / arresto;Conducente;M;Illeso;0;;Non accertato;
2241638;6;30/12/2014 20:40;Strada Urbana;VIA PRENESTINA;all'intersezione con;LARGO PRENESTE;LARGO PRENESTE;;;Scontro laterale fra veicoli in marcia;Incrocio;Due carreggiate;Asciutto;Asfaltata;Verticale ed orizzontale;Sereno;Normale;Buona;Sufficiente;0;0;0;2;12.54186;41.89271;-1;2;Autovettura privata;In marcia / fermata / arresto;Conducente;M;Illeso;0;;Non accertato;Inesploso
2241649;6;30/12/2014 15:45;Strada Urbana;VIA DEGLI ANGELI;all'intersezione con;VIA DI TOR PIGNATTARA;VIA DI TOR PIGNATTARA;;;Scontro laterale fra veicoli in marcia;Intersezione stradale segnalata;Una carreggiata a senso unico di marcia;Asciutto;Asfaltata;Verticale ed orizzontale;Sereno;Normale;Buona;Ore Diurne;0;0;0;3;12.54121;41.87453;-1;1;Autovettura privata;In marcia / fermata / arresto;Conducente;M;Illeso;0;;Non accertato;Inesploso
2241649;6;30/12/2014 15:45;Strada Urbana;VIA DEGLI ANGELI;all'intersezione con;VIA DI TOR PIGNATTARA;VIA DI TOR PIGNATTARA;;;Scontro laterale fra veicoli in marcia;Intersezione stradale segnalata;Una carreggiata a senso unico di marcia;Asciutto;Asfaltata;Verticale ed orizzontale;Sereno;Normale;Buona;Ore Diurne;0;0;0;3;12.54121;41.87453;-1;1;Autovettura privata;In marcia / fermata / arresto;Passeggero;F;Illeso;0;;Non accertato;
2241649;6;30/12/2014 15:45;Strada Urbana;VIA DEGLI ANGELI;all'intersezione con;VIA DI TOR PIGNATTARA;VIA DI TOR PIGNATTARA;;;Scontro laterale fra veicoli in marcia;Intersezione stradale segnalata;Una carreggiata a senso unico di marcia;Asciutto;Asfaltata;Verticale ed orizzontale;Sereno;Normale;Buona;Ore Diurne;0;0;0;3;12.54121;41.87453;-1;2;Autovettura privata;In marcia / fermata / arresto;Conducente;F;Illeso;0;;Utilizzato;Inesploso
2241658;4;30/12/2014 12:30;Strada Urbana;VIA FRANCO SACCHETTI;in prossimità;;del civico n.;137;;Investimento di pedone;Rettilineo;Una carreggiata a doppio senso;Asciutto;Asfaltata;Verticale ed orizzontale;Sereno;Normale;Buona;Ore Diurne;1;0;0;0;12.54285;41.94654;-1;;;;Pedone;M;Ricoverato;0;NON DECEDUTO;;
2241660;4;30/12/2014 08:15;Strada Urbana;VIALE TIRRENO;in corrispondenza;;del civico n.;118;;Tamponamento;Rettilineo;Due carreggiate;Asciutto;Asfaltata;Orizzontale;Sereno;Scarso;Buona;Ore Diurne;1;0;0;1;12.52999;41.939;-1;1;Autovettura privata;In marcia / fermata / arresto;Conducente;M;Illeso;0;;Non accertato;Inesploso
2241660;4;30/12/2014 08:15;Strada Urbana;VIALE TIRRENO;in corrispondenza;;del civico n.;118;;Tamponamento;Rettilineo;Due carreggiate;Asciutto;Asfaltata;Orizzontale;Sereno;Scarso;Buona;Ore Diurne;1;0;0;1;12.52999;41.939;-1;2;Motociclo a solo;In marcia / fermata / arresto;Conducente;M;Rimandato;0;NON DECEDUTO;Non accertato;
2241671;7;30/12/2014 07:50;Strada Urbana;VIA DEI CASTANI;all'intersezione con;VIA DELLE ROBINIE;VIA DELLE ROBINIE;;;Scontro laterale fra veicoli in marcia;Incrocio;Una carreggiata a doppio senso;Asciutto;Asfaltata;Verticale;Sereno;Normale;Sufficiente;Ore Diurne;0;0;0;2;12.56675;41.88269;-1;1;Autovettura privata;In marcia / fermata / arresto;Conducente;F;Illeso;0;;Non accertato;Inesploso
2241671;7;30/12/2014 07:50;Strada Urbana;VIA DEI CASTANI;all'intersezione con;VIA DELLE ROBINIE;VIA DELLE ROBINIE;;;Scontro laterale fra veicoli in marcia;Incrocio;Una carreggiata a doppio senso;Asciutto;Asfaltata;Verticale;Sereno;Normale;Sufficiente;Ore Diurne;0;0;0;2;12.56675;41.88269;-1;2;Autovettura privata;In marcia / fermata / arresto;Conducente;F;Illeso;0;;Non accertato;Inesploso
2241680;4;30/12/2014 15:30;Strada Urbana;VIA CARLO LORENZINI;all'intersezione con;VIA FRANCESCO D'OVIDIO;VIA FRANCESCO D'OVIDIO;;;Scontro frontale/laterale DX fra veicoli in marcia;Incrocio;Una carreggiata a senso unico di marcia;Asciutto;Asfaltata;Verticale;Sereno;Normale;Buona;Ore Diurne;0;0;0;3;12.555;41.94519;-1;1;Autovettura privata;In marcia / fermata / arresto;Conducente;F;Illeso;0;;Non accertato;
2241680;4;30/12/2014 15:30;Strada Urbana;VIA CARLO LORENZINI;all'intersezione con;VIA FRANCESCO D'OVIDIO;VIA FRANCESCO D'OVIDIO;;;Scontro frontale/laterale DX fra veicoli in marcia;Incrocio;Una carreggiata a senso unico di marcia;Asciutto;Asfaltata;Verticale;Sereno;Normale;Buona;Ore Diurne;0;0;0;3;12.555;41.94519;-1;1;Autovettura privata;In marcia / fermata / arresto;Passeggero;F;Illeso;0;;Non accertato;
2241680;4;30/12/2014 15:30;Strada Urbana;VIA CARLO LORENZINI;all'intersezione con;VIA FRANCESCO D'OVIDIO;VIA FRANCESCO D'OVIDIO;;;Scontro frontale/laterale DX fra veicoli in marcia;Incrocio;Una carreggiata a senso unico di marcia;Asciutto;Asfaltata;Verticale;Sereno;Normale;Buona;Ore Diurne;0;0;0;3;12.555;41.94519;-1;2;Autovettura privata;In marcia / fermata / arresto;Conducente;F;Illeso;0;;Non accertato;
2241691;7;30/12/2014 20:00;Strada Urbana;VIA DELLE BETULLE;all'intersezione con;VIA DELLE ROSE;VIA DELLE ROSE;;;Scontro laterale fra veicoli in marcia;Incrocio;Una carreggiata a senso unico di marcia;Asciutto;Asfaltata;Verticale ed orizzontale;Sereno;Scarso;Buona;Sufficiente;0;0;0;2;12.56293;41.88986;-1;1;Autovettura privata;In marcia / fermata / arresto;Conducente;M;Illeso;0;;Non accertato;Inesploso
2241691;7;30/12/2014 20:00;Strada Urbana;VIA DELLE BETULLE;all'intersezione con;VIA DELLE ROSE;VIA DELLE ROSE;;;Scontro laterale fra veicoli in marcia;Incrocio;Una carreggiata a senso unico di marcia;Asciutto;Asfaltata;Verticale ed orizzontale;Sereno;Scarso;Buona;Sufficiente;0;0;0;2;12.56293;41.88986;-1;2;Autocarro inferiore 35 q.;In marcia / fermata / arresto;Conducente;M;Illeso;0;;Non accertato;Inesploso
2241693;19;23/12/2014 16:05;Strada Urbana;VIA DELLA VALLE DEI FONTANILI;all'intersezione con;VIA ANDERSEN;VIA ANDERSEN;;;Tamponamento;Intersezione stradale segnalata;Una carreggiata a doppio senso;Asciutto;Asfaltata;Verticale ed orizzontale;Sereno;Intenso;Buona;Ore Diurne;0;0;0;4;12.40641;41.92479;-1;1;Autovettura privata;In marcia / fermata / arresto;Conducente;F;Illeso;0;;Non accertato;Inesploso
2241693;19;23/12/2014 16:05;Strada Urbana;VIA DELLA VALLE DEI FONTANILI;all'intersezione con;VIA ANDERSEN;VIA ANDERSEN;;;Tamponamento;Intersezione stradale segnalata;Una carreggiata a doppio senso;Asciutto;Asfaltata;Verticale ed orizzontale;Sereno;Intenso;Buona;Ore Diurne;0;0;0;4;12.40641;41.92479;-1;1;Autovettura privata;In marcia / fermata / arresto;Passeggero;F;Illeso;0;;Non accertato;Inesploso
2241693;19;23/12/2014 16:05;Strada Urbana;VIA DELLA VALLE DEI FONTANILI;all'intersezione con;VIA ANDERSEN;VIA ANDERSEN;;;Tamponamento;Intersezione stradale segnalata;Una carreggiata a doppio senso;Asciutto;Asfaltata;Verticale ed orizzontale;Sereno;Intenso;Buona;Ore Diurne;0;0;0;4;12.40641;41.92479;-1;2;Autovettura privata;In marcia / fermata / arresto;Conducente;M;Illeso;0;;Non accertato;Inesploso
2241693;19;23/12/2014 16:05;Strada Urbana;VIA DELLA VALLE DEI FONTANILI;all'intersezione con;VIA ANDERSEN;VIA ANDERSEN;;;Tamponamento;Intersezione stradale segnalata;Una carreggiata a doppio senso;Asciutto;Asfaltata;Verticale ed orizzontale;Sereno;Intenso;Buona;Ore Diurne;0;0;0;4;12.40641;41.92479;-1;2;Autovettura privata;In marcia / fermata / arresto;Passeggero;F;Illeso;0;;Non accertato;Inesploso
2241699;19;27/12/2014 12:45;Strada Urbana;PIAZZA DELLA BALDUINA;in prossimità;;del civico n.;12;;Veicolo in marcia contro veicolo in sosta;Rettilineo;Una carreggiata a doppio senso;Asciutto;Asfaltata;Verticale ed orizzontale;Sereno;Normale;Buona;Ore Diurne;0;0;0;1;12.44189;41.91974;-1;1;Autovettura privata;In marcia / fermata / arresto;Conducente;F;Illeso;0;;;
2241713;19;18/12/2014 09:35;Strada Urbana;VIA DELL'ACQUEDOTTO DEL PESCHIERA;da specificare;;;;del F.C. 42;Investimento di pedone;Rettilineo;Una carreggiata a senso unico di marcia;Asciutto;Asfaltata;Orizzontale;Sereno;Normale;Buona;Ore Diurne;1;0;0;1;12.42402;41.93934;-1;;;;Pedone;F;Rimandato;0;NON DECEDUTO;;
2241713;19;18/12/2014 09:35;Strada Urbana;VIA DELL'ACQUEDOTTO DEL PESCHIERA;da specificare;;;;del F.C. 42;Investimento di pedone;Rettilineo;Una carreggiata a senso unico di marcia;Asciutto;Asfaltata;Orizzontale;Sereno;Normale;Buona;Ore Diurne;1;0;0;1;12.42402;41.93934;-1;1;Motociclo a solo;In marcia / fermata / arresto;Conducente;M;Illeso;0;;Non accertato;
2241722;19;16/12/2014 11:50;Strada Urbana;GALLERIA GIOVANNI XXIII;in corrispondenza;;della chilometrica;1.5;;Tamponamento Multiplo;Galleria illuminata;Una carreggiata a senso unico di marcia;Bagnato (umidità in atto);Asfaltata;Orizzontale;Nuvoloso;Normale;Buona;Ore Diurne;2;0;0;2;12.43943;41.94006;-1;1;Autovettura privata;In marcia / fermata / arresto;Conducente;F;Rimandato;0;NON DECEDUTO;Non accertato;Inesploso
2241722;19;16/12/2014 11:50;Strada Urbana;GALLERIA GIOVANNI XXIII;in corrispondenza;;della chilometrica;1.5;;Tamponamento Multiplo;Galleria illuminata;Una carreggiata a senso unico di marcia;Bagnato (umidità in atto);Asfaltata;Orizzontale;Nuvoloso;Normale;Buona;Ore Diurne;2;0;0;2;12.43943;41.94006;-1;2;Autovettura privata;In marcia / fermata / arresto;Conducente;M;Illeso;0;;Non accertato;Esploso
2241722;19;16/12/2014 11:50;Strada Urbana;GALLERIA GIOVANNI XXIII;in corrispondenza;;della chilometrica;1.5;;Tamponamento Multiplo;Galleria illuminata;Una carreggiata a senso unico di marcia;Bagnato (umidità in atto);Asfaltata;Orizzontale;Nuvoloso;Normale;Buona;Ore Diurne;2;0;0;2;12.43943;41.94006;-1;3;Autovettura privata;In marcia / fermata / arresto;Conducente;F;Rimandato;0;NON DECEDUTO;Non accertato;Inesploso
2241722;19;16/12/2014 11:50;Strada Urbana;GALLERIA GIOVANNI XXIII;in corrispondenza;;della chilometrica;1.5;;Tamponamento Multiplo;Galleria illuminata;Una carreggiata a senso unico di marcia;Bagnato (umidità in atto);Asfaltata;Orizzontale;Nuvoloso;Normale;Buona;Ore Diurne;2;0;0;2;12.43943;41.94006;-1;4;Autovettura privata;In marcia / fermata / arresto;Conducente;M;Illeso;0;;Non accertato;Inesploso
2241748;19;16/12/2014 11:48;Strada Urbana;GALLERIA GIOVANNI XXIII;da specificare;;;;pross. km 1,500;Veicolo in marcia contro ostacolo fisso;Curva senza visuale libera;Una carreggiata a senso unico di marcia;Bagnato (umidità in atto);Asfaltata;Verticale ed orizzontale;Pioggia in atto;Normale;Buona;Ore Diurne;0;0;0;1;12.44385;41.94143;-1;1;Autovettura privata;In marcia / fermata / arresto;Conducente;F;Illeso;0;;Non accertato;Esploso
2241750;19;17/12/2014 09:50;Strada Urbana;VIA ANDERSEN;all'intersezione con;VIA DEL PODERE TRIESTE;VIA DEL PODERE TRIESTE;;;Scontro frontale/laterale DX fra veicoli in marcia;Incrocio;Una carreggiata a doppio senso;Bagnato (umidità in atto);Asfaltata;Verticale ed orizzontale;Sereno;Normale;Buona;Ore Diurne;3;0;0;0;12.40167;41.92378;-1;1;Motociclo a solo;In marcia / fermata / arresto;Conducente;M;Rimandato;0;NON DECEDUTO;Non accertato;
2241750;19;17/12/2014 09:50;Strada Urbana;VIA ANDERSEN;all'intersezione con;VIA DEL PODERE TRIESTE;VIA DEL PODERE TRIESTE;;;Scontro frontale/laterale DX fra veicoli in marcia;Incrocio;Una carreggiata a doppio senso;Bagnato (umidità in atto);Asfaltata;Verticale ed orizzontale;Sereno;Normale;Buona;Ore Diurne;3;0;0;0;12.40167;41.92378;-1;1;Motociclo a solo;In marcia / fermata / arresto;Passeggero;M;Rimandato;0;NON DECEDUTO;Non accertato;
2241750;19;17/12/2014 09:50;Strada Urbana;VIA ANDERSEN;all'intersezione con;VIA DEL PODERE TRIESTE;VIA DEL PODERE TRIESTE;;;Scontro frontale/laterale DX fra veicoli in marcia;Incrocio;Una carreggiata a doppio senso;Bagnato (umidità in atto);Asfaltata;Verticale ed orizzontale;Sereno;Normale;Buona;Ore Diurne;3;0;0;0;12.40167;41.92378;-1;2;Motociclo a solo;In marcia / fermata / arresto;Conducente;M;Rifiuta cure immediate;0;NON DECEDUTO;Non accertato;
2241760;13;30/12/2014 10:00;Strada Urbana;VIA DEL CANALE DELLA LINGUA;in prossimità;;del civico n.;50;;Scontro frontale fra veicoli in marcia;Rettilineo;Una carreggiata a doppio senso;Asciutto;Asfaltata;Assente;Sereno;Normale;Buona;Ore Diurne;2;0;0;0;12.3352;41.74573;-1;1;Autovettura privata;In marcia / fermata / arresto;Conducente;F;Rimandato;0;NON DECEDUTO;Non accertato;Esploso
2241760;13;30/12/2014 10:00;Strada Urbana;VIA DEL CANALE DELLA LINGUA;in prossimità;;del civico n.;50;;Scontro frontale fra veicoli in marcia;Rettilineo;Una carreggiata a doppio senso;Asciutto;Asfaltata;Assente;Sereno;Normale;Buona;Ore Diurne;2;0;0;0;12.3352;41.74573;-1;2;Autovettura privata;In marcia / fermata / arresto;Conducente;F;Rimandato;0;NON DECEDUTO;Non accertato;Esploso
2241769;13;30/12/2014 08:50;Strada Urbana;VIA DELLE CAROLINE;all'intersezione con;VIA ISOLE SALOMONE;VIA ISOLE SALOMONE;;;Scontro frontale/laterale DX fra veicoli in marcia;Incrocio;Una carreggiata a doppio senso;Asciutto;Asfaltata;Verticale;Sereno;Normale;Buona;Ore Diurne;0;0;0;3;12.27649;41.74017;-1;1;Autovettura privata;In marcia / fermata / arresto;Conducente;M;Illeso;0;;Non accertato;Inesploso
2241769;13;30/12/2014 08:50;Strada Urbana;VIA DELLE CAROLINE;all'intersezione con;VIA ISOLE SALOMONE;VIA ISOLE SALOMONE;;;Scontro frontale/laterale DX fra veicoli in marcia;Incrocio;Una carreggiata a doppio senso;Asciutto;Asfaltata;Verticale;Sereno;Normale;Buona;Ore Diurne;0;0;0;3;12.27649;41.74017;-1;1;Autovettura privata;In marcia / fermata / arresto;Passeggero;F;Illeso;0;;Non accertato;Inesploso
2241769;13;30/12/2014 08:50;Strada Urbana;VIA DELLE CAROLINE;all'intersezione con;VIA ISOLE SALOMONE;VIA ISOLE SALOMONE;;;Scontro frontale/laterale DX fra veicoli in marcia;Incrocio;Una carreggiata a doppio senso;Asciutto;Asfaltata;Verticale;Sereno;Normale;Buona;Ore Diurne;0;0;0;3;12.27649;41.74017;-1;2;Autovettura privata;In marcia / fermata / arresto;Conducente;M;Illeso;0;;Non accertato;Inesploso
2241856;19;31/12/2014 19:30;Strada Urbana;VIA MATTIA BATTISTINI;all'intersezione semaforizzata con;VIA DEL FORTE BRASCHI;VIA DEL FORTE BRASCHI;;;Scontro frontale/laterale DX fra veicoli in marcia;Incrocio;Una carreggiata a doppio senso;Asciutto;Asfaltata;Verticale ed orizzontale;Sereno;Normale;Buona;Sufficiente;1;0;0;2;12.41848;41.91269;-1;1;Autovettura privata;In marcia / fermata / arresto;Conducente;M;Illeso;0;;Non accertato;Inesploso
2241856;19;31/12/2014 19:30;Strada Urbana;VIA MATTIA BATTISTINI;all'intersezione semaforizzata con;VIA DEL FORTE BRASCHI;VIA DEL FORTE BRASCHI;;;Scontro frontale/laterale DX fra veicoli in marcia;Incrocio;Una carreggiata a doppio senso;Asciutto;Asfaltata;Verticale ed orizzontale;Sereno;Normale;Buona;Sufficiente;1;0;0;2;12.41848;41.91269;-1;2;Autovettura privata;In marcia / fermata / arresto;Conducente;M;Illeso;0;;Non accertato;Inesploso
2241856;19;31/12/2014 19:30;Strada Urbana;VIA MATTIA BATTISTINI;all'intersezione semaforizzata con;VIA DEL FORTE BRASCHI;VIA DEL FORTE BRASCHI;;;Scontro frontale/laterale DX fra veicoli in marcia;Incrocio;Una carreggiata a doppio senso;Asciutto;Asfaltata;Verticale ed orizzontale;Sereno;Normale;Buona;Sufficiente;1;0;0;2;12.41848;41.91269;-1;2;Autovettura privata;In marcia / fermata / arresto;Passeggero;F;Rimandato;0;NON DECEDUTO;Non accertato;Esploso
2242257;18;24/12/2014 12:30;Strada Urbana;VIA CORNELIA;all'intersezione con;VIA GIOVANNI SENZATERRA;VIA GIOVANNI SENZATERRA;;;Scontro laterale fra veicoli in marcia;Intersezione stradale segnalata;Una carreggiata a doppio senso;Asciutto;Asfaltata;Verticale ed orizzontale;Nuvoloso;Normale;Buona;Ore Diurne;0;0;0;4;12.39585;41.9079;-1;1;Autovettura privata;In marcia / fermata / arresto;Conducente;F;Illeso;0;;Non accertato;Inesploso
2242257;18;24/12/2014 12:30;Strada Urbana;VIA CORNELIA;all'intersezione con;VIA GIOVANNI SENZATERRA;VIA GIOVANNI SENZATERRA;;;Scontro laterale fra veicoli in marcia;Intersezione stradale segnalata;Una carreggiata a doppio senso;Asciutto;Asfaltata;Verticale ed orizzontale;Nuvoloso;Normale;Buona;Ore Diurne;0;0;0;4;12.39585;41.9079;-1;2;Autovettura privata;In marcia / fermata / arresto;Conducente;F;Illeso;0;;Non accertato;Inesploso
2242257;18;24/12/2014 12:30;Strada Urbana;VIA CORNELIA;all'intersezione con;VIA GIOVANNI SENZATERRA;VIA GIOVANNI SENZATERRA;;;Scontro laterale fra veicoli in marcia;Intersezione stradale segnalata;Una carreggiata a doppio senso;Asciutto;Asfaltata;Verticale ed orizzontale;Nuvoloso;Normale;Buona;Ore Diurne;0;0;0;4;12.39585;41.9079;-1;2;Autovettura privata;In marcia / fermata / arresto;Passeggero;M;Illeso;0;;Non accertato;Inesploso
2242257;18;24/12/2014 12:30;Strada Urbana;VIA CORNELIA;all'intersezione con;VIA GIOVANNI SENZATERRA;VIA GIOVANNI SENZATERRA;;;Scontro laterale fra veicoli in marcia;Intersezione stradale segnalata;Una carreggiata a doppio senso;Asciutto;Asfaltata;Verticale ed orizzontale;Nuvoloso;Normale;Buona;Ore Diurne;0;0;0;4;12.39585;41.9079;-1;2;Autovettura privata;In marcia / fermata / arresto;Passeggero;M;Illeso;0;;Non accertato;Inesploso
2242265;10;28/12/2014 11:30;Strada Urbana;VIA APPIA NUOVA;in prossimità;;del civico n.;1246;;Tamponamento;Rettilineo;Due carreggiate;Bagnato (pioggia);Asfaltata;Verticale ed orizzontale;Nuvoloso;Normale;Buona;Ore Diurne;1;0;0;1;12.56529;41.82175;-1;1;Autovettura privata;In marcia / fermata / arresto;Conducente;F;Rimandato;0;NON DECEDUTO;Non accertato;Inesploso
2242265;10;28/12/2014 11:30;Strada Urbana;VIA APPIA NUOVA;in prossimità;;del civico n.;1246;;Tamponamento;Rettilineo;Due carreggiate;Bagnato (pioggia);Asfaltata;Verticale ed orizzontale;Nuvoloso;Normale;Buona;Ore Diurne;1;0;0;1;12.56529;41.82175;-1;2;Autovettura privata;In marcia / fermata / arresto;Conducente;M;Illeso;0;;Non accertato;Inesploso
2242266;11;30/12/2014 12:00;Strada Urbana;VIA LAURENTINA;da specificare;;;;in prossimità dell'uscita Tintoretto;Veicolo in marcia contro ostacolo fisso;Rettilineo;Due carreggiate;Asciutto;Asfaltata;Verticale ed orizzontale;Sereno;Normale;Buona;Ore Diurne;1;0;0;1;12.48058;41.83809;-1;1;Autovettura privata;In marcia / fermata / arresto;Conducente;M;Illeso;0;;Non accertato;
2242266;11;30/12/2014 12:00;Strada Urbana;VIA LAURENTINA;da specificare;;;;in prossimità dell'uscita Tintoretto;Veicolo in marcia contro ostacolo fisso;Rettilineo;Due carreggiate;Asciutto;Asfaltata;Verticale ed orizzontale;Sereno;Normale;Buona;Ore Diurne;1;0;0;1;12.48058;41.83809;-1;1;Autovettura privata;In marcia / fermata / arresto;Passeggero;F;Rimandato;0;NON DECEDUTO;Non accertato;
2242273;15;30/12/2014 19:10;Strada Urbana;VIA DELLA CASETTA MATTEI;in corrispondenza;;del civico n.;208;;Tamponamento Multiplo;Rettilineo;Una carreggiata a doppio senso;Asciutto;Asfaltata;Orizzontale;Sereno;Normale;Buona;Sufficiente;3;0;0;0;12.4197;41.85827;-1;1;Autovettura privata;In marcia / fermata / arresto;Conducente;M;Rifiuta cure immediate;0;NON DECEDUTO;Non accertato;Inesploso
2242273;15;30/12/2014 19:10;Strada Urbana;VIA DELLA CASETTA MATTEI;in corrispondenza;;del civico n.;208;;Tamponamento Multiplo;Rettilineo;Una carreggiata a doppio senso;Asciutto;Asfaltata;Orizzontale;Sereno;Normale;Buona;Sufficiente;3;0;0;0;12.4197;41.85827;-1;2;Autovettura privata;In marcia / fermata / arresto;Conducente;F;Rimandato;0;NON DECEDUTO;;
2242273;15;30/12/2014 19:10;Strada Urbana;VIA DELLA CASETTA MATTEI;in corrispondenza;;del civico n.;208;;Tamponamento Multiplo;Rettilineo;Una carreggiata a doppio senso;Asciutto;Asfaltata;Orizzontale;Sereno;Normale;Buona;Sufficiente;3;0;0;0;12.4197;41.85827;-1;3;Autovettura privata;In marcia / fermata / arresto;Conducente;F;Rimandato;0;NON DECEDUTO;;
2242274;10;29/12/2014 20:35;Strada Urbana;VIA DI TORRE MORENA;in corrispondenza;;del civico n.;100;;Veicolo in marcia contro ostacolo fisso;Rettilineo;Una carreggiata a doppio senso;Ghiacciato;Asfaltata;Assente;Sereno;Scarso;Sufficiente;Sufficiente;1;0;0;0;12.60571;41.81619;-1;1;Motociclo a solo;In marcia / fermata / arresto;Conducente;M;Rimandato;0;NON DECEDUTO;Non accertato;
2242275;15;30/12/2014 09:40;Strada Urbana;VIA DELLE MORATELLE;in corrispondenza;;del civico n.;158;;Scontro laterale fra veicoli in marcia;Curva a visuale libera;Una carreggiata a doppio senso;Ghiacciato;Asfaltata;Assente;Sereno;Scarso;Buona;Ore Diurne;0;0;0;3;12.34751;41.83419;-1;1;Autovettura privata;In marcia / fermata / arresto;Conducente;M;Illeso;0;;;
2242275;15;30/12/2014 09:40;Strada Urbana;VIA DELLE MORATELLE;in corrispondenza;;del civico n.;158;;Scontro laterale fra veicoli in marcia;Curva a visuale libera;Una carreggiata a doppio senso;Ghiacciato;Asfaltata;Assente;Sereno;Scarso;Buona;Ore Diurne;0;0;0;3;12.34751;41.83419;-1;2;Autovettura privata;In marcia / fermata / arresto;Conducente;M;Illeso;0;;;
2242275;15;30/12/2014 09:40;Strada Urbana;VIA DELLE MORATELLE;in corrispondenza;;del civico n.;158;;Scontro laterale fra veicoli in marcia;Curva a visuale libera;Una carreggiata a doppio senso;Ghiacciato;Asfaltata;Assente;Sereno;Scarso;Buona;Ore Diurne;0;0;0;3;12.34751;41.83419;-1;2;Autovettura privata;In marcia / fermata / arresto;Passeggero;F;Illeso;0;;;
2242277;10;29/12/2014 20:45;Strada Urbana;VIA DI TORRE MORENA;in corrispondenza;;del civico n.;100;;Veicolo in marcia contro ostacolo fisso;Rettilineo;Una carreggiata a doppio senso;Ghiacciato;Asfaltata;Assente;Sereno;Scarso;Sufficiente;Sufficiente;0;0;0;1;12.60579;41.81614;-1;1;Autovettura privata;In marcia / fermata / arresto;Conducente;M;Illeso;0;;Utilizzato;Inesploso
2242278;10;29/12/2014 13:10;Strada Urbana;VIA DI CIAMPINO;in prossimità;;del civico n.;73;;Veicolo in marcia contro ostacolo accidentale;Rettilineo;Una carreggiata a doppio senso;Asciutto;Asfaltata;Verticale ed orizzontale;Sereno;Scarso;Buona;Ore Diurne;0;0;0;1;12.57902;41.80961;-1;1;Autovettura privata;In marcia / fermata / arresto;Conducente;M;Illeso;0;;Non accertato;Inesploso